group,name,stata,python,difference,stata_se,python_se,se_difference,python_stata_conditional_se,stata_conditional_se_difference
coefficient,alpha:alpha_1,0.0975555,0.09755481986154599,-6.801384540150446e-07,0.0204869,0.02048685135734753,-4.864265246845578e-08,0.02048685135734753,-4.864265246845578e-08
coefficient,alpha:alpha_2,0.5113247,0.5113239439980882,-7.560019117391903e-07,0.0472405,0.047240317283554774,-1.8271644522394048e-07,0.047240317283554774,-1.8271644522394048e-07
coefficient,alpha:alpha_3,-0.1078578,-0.10785676251056088,1.0374894391235179e-06,0.0285322,0.02853208339471151,-1.1660528849086194e-07,0.02853208339471151,-1.1660528849086194e-07
coefficient,alpha:alpha_4,-0.000118,-0.00011770183743171949,2.9816256828050906e-07,0.0205458,0.020545827797195104,2.7797195104733996e-08,0.020545827797195104,2.7797195104733996e-08
coefficient,alpha:alpha_5,0.2053194,0.2053138158241595,-5.58417584051174e-06,0.0583752,0.05837498712524899,-2.128747510141138e-07,0.05837498712524899,-2.128747510141138e-07
coefficient,alpha:alpha_6,0.0312578,0.03125778577341276,-1.4226587241594757e-08,0.0105309,0.010530867128445923,-3.287155407594167e-08,0.010530867128445923,-3.287155407594167e-08
coefficient,alpha:alpha_7,0.3237781,0.3237776898664246,-4.101335754347346e-07,0.0375559,0.037555755841509726,-1.4415849027699101e-07,0.037555755841509726,-1.4415849027699101e-07
coefficient,alpha:alpha_8,0.0097074,0.0097073040051231,-9.599487689991582e-08,0.0120703,0.012070333726383825,3.372638382459492e-08,0.012070333726383825,3.372638382459492e-08
coefficient,alpha:alpha_9,-0.0272004,-0.027200644028205018,-2.4402820501812084e-07,0.0264849,0.02648487128876344,-2.8711236558370823e-08,0.02648487128876344,-2.8711236558370823e-08
coefficient,alpha:alpha_10,0.0225767,0.022576286951513164,-4.1304848683726414e-07,0.0387051,0.038705011606750606,-8.83932493936368e-08,0.038705011606750606,-8.83932493936368e-08
coefficient,alpha:alpha_11,0.0094851,0.009484977333782245,-1.22666217754544e-07,0.0095471,0.00954711774982876,1.774982876130704e-08,0.00954711774982876,1.774982876130704e-08
coefficient,alpha:alpha_12,-0.0608172,-0.060811986841340274,5.2131586597281565e-06,0.074973,0.07497275711700833,-2.4288299166341787e-07,0.07497275711700833,-2.4288299166341787e-07
coefficient,alpha:alpha_13,0.0794706,0.07947134708289887,7.470828988637157e-07,0.0169225,0.016922527242300943,2.7242300942864617e-08,0.016922527242300943,2.7242300942864617e-08
coefficient,alpha:alpha_14,-0.0944818,-0.0944808754794102,9.245205898067432e-07,0.0376586,0.037658517772279604,-8.2227720396566e-08,0.037658517772279604,-8.2227720396566e-08
coefficient,Gamma:gamma_1_1,0.0120698,0.01206961532652162,-1.846734783809978e-07,0.0072705,0.007270454876027419,-4.5123972581065375e-08,0.007270454876027419,-4.5123972581065375e-08
coefficient,Gamma:gamma_1_2,0.0205914,0.020591337064898123,-6.293510187646567e-08,0.0087295,0.008729529403810657,2.940381065713593e-08,0.008729529403810657,2.940381065713593e-08
coefficient,Gamma:gamma_1_3,0.0033982,0.0033983766099515748,1.7660995157466053e-07,0.0065398,0.0065398118814262805,1.1881426280335727e-08,0.0065398118814262805,1.1881426280335727e-08
coefficient,Gamma:gamma_1_4,-0.0009767,-0.0009766088958414732,9.110415852687896e-08,0.0046896,0.004689587741610114,-1.2258389886499188e-08,0.004689587741610114,-1.2258389886499188e-08
coefficient,Gamma:gamma_1_5,0.0169236,0.016922921265277384,-6.787347226165641e-07,0.0120502,0.012050237248587366,3.724858736557646e-08,0.012050237248587366,3.724858736557646e-08
coefficient,Gamma:gamma_1_6,0.0036094,0.0036094258439043577,2.5843904357704395e-08,0.0021012,0.002101182642488144,-1.735751185621623e-08,0.002101182642488144,-1.735751185621623e-08
coefficient,Gamma:gamma_1_7,0.0054944,0.0054944681953663825,6.819536638256324e-08,0.0064425,0.006442467941747657,-3.205825234355725e-08,0.006442467941747657,-3.205825234355725e-08
coefficient,Gamma:gamma_1_8,0.0020873,0.002087340932666391,4.09326663913627e-08,0.0028099,0.002809922050850484,2.2050850483675694e-08,0.002809922050850484,2.2050850483675694e-08
coefficient,Gamma:gamma_1_9,-0.0072147,-0.007214762090908476,-6.209090847551779e-08,0.0062137,0.00621371748514078,1.7485140779704977e-08,0.00621371748514078,1.7485140779704977e-08
coefficient,Gamma:gamma_1_10,-0.0013609,-0.0013610340058378225,-1.3400583782257128e-07,0.00825,0.008250001445684477,1.4456844766447263e-09,0.008250001445684477,1.4456844766447263e-09
coefficient,Gamma:gamma_1_11,-0.0019406,-0.0019405881883584844,1.1811641515563354e-08,0.0023105,0.0023105040561635006,4.056163500562593e-09,0.0023105040561635006,4.056163500562593e-09
coefficient,Gamma:gamma_1_12,-0.0396084,-0.03960786478792211,5.35212077892866e-07,0.0149062,0.014906218209997818,1.8209997818680046e-08,0.014906218209997818,1.8209997818680046e-08
coefficient,Gamma:gamma_1_13,-0.0164455,-0.016445361860781153,1.3813921884500702e-07,0.0048096,0.004809586322697589,-1.3677302410433634e-08,0.004809586322697589,-1.3677302410433634e-08
coefficient,Gamma:gamma_1_14,-0.0105926,-0.010592472093614257,1.2790638574330937e-07,0.0079696,0.007969560180103077,-3.981989692321275e-08,0.007969560180103077,-3.981989692321275e-08
coefficient,Gamma:gamma_2_2,0.0578083,0.05780822547410697,-7.45258930331949e-08,0.0252824,0.025282421724465595,2.1724465594508136e-08,0.025282421724465595,2.1724465594508136e-08
coefficient,Gamma:gamma_2_3,-0.0020942,-0.0020940456879668373,1.5431203316280256e-07,0.0116816,0.011681571868024276,-2.813197572462678e-08,0.011681571868024276,-2.813197572462678e-08
coefficient,Gamma:gamma_2_4,0.005676,0.00567598725097819,-1.2749021809609073e-08,0.0092413,0.009241342445286264,4.244528626490274e-08,0.009241342445286264,4.244528626490274e-08
coefficient,Gamma:gamma_2_5,0.0554235,0.05542271280877437,-7.871912256277036e-07,0.0229621,0.02296212285571456,2.285571456053792e-08,0.02296212285571456,2.285571456053792e-08
coefficient,Gamma:gamma_2_6,0.0036967,0.003696772566157564,7.256615756423904e-08,0.0044629,0.004462856013684533,-4.398631546671805e-08,0.004462856013684533,-4.398631546671805e-08
coefficient,Gamma:gamma_2_7,0.0070875,0.00708776581269768,2.65812697680147e-07,0.0136032,0.013603240594444187,4.0594444188080114e-08,0.013603240594444187,4.0594444188080114e-08
coefficient,Gamma:gamma_2_8,-0.0028561,-0.0028561528975236303,-5.2897523630454635e-08,0.0061696,0.006169553078285533,-4.6921714466977016e-08,0.006169553078285533,-4.6921714466977016e-08
coefficient,Gamma:gamma_2_9,0.0090564,0.009056518722056327,1.1872205632826316e-07,0.0117392,0.011739214508984245,1.4508984244945844e-08,0.011739214508984245,1.4508984244945844e-08
coefficient,Gamma:gamma_2_10,-0.0588164,-0.058816167467477684,2.3253252231375532e-07,0.0178627,0.01786266821885957,-3.178114042767799e-08,0.01786266821885957,-3.178114042767799e-08
coefficient,Gamma:gamma_2_11,0.0107851,0.010785053361320093,-4.66386799076457e-08,0.0044413,0.004441281918867121,-1.808113287826013e-08,0.004441281918867121,-1.808113287826013e-08
coefficient,Gamma:gamma_2_12,-0.0439523,-0.04395231472786364,-1.4727863636987415e-08,0.0298024,0.029802398503972084,-1.4960279161313483e-09,0.029802398503972084,-1.4960279161313483e-09
coefficient,Gamma:gamma_2_13,0.0074662,0.007466306273586451,1.0627358645095425e-07,0.0078147,0.00781469615988083,-3.840119170567258e-09,0.00781469615988083,-3.840119170567258e-09
coefficient,Gamma:gamma_2_14,-0.0237644,-0.02376428188011276,1.1811988724283462e-07,0.0170475,0.017047449057902397,-5.0942097602757475e-08,0.017047449057902397,-5.0942097602757475e-08
coefficient,Gamma:gamma_3_3,-0.0078979,-0.007897974958686,-7.495868600132516e-08,0.0117445,0.011744490672313096,-9.327686904120336e-09,0.011744490672313096,-9.327686904120336e-09
coefficient,Gamma:gamma_3_4,0.0058374,0.005837378706502757,-2.129349724322438e-08,0.0062005,0.006200512273632627,1.2273632626728925e-08,0.006200512273632627,1.2273632626728925e-08
coefficient,Gamma:gamma_3_5,-0.0393102,-0.03930949975185249,7.002481475087974e-07,0.0151667,0.015166665201022618,-3.4798977381969576e-08,0.015166665201022618,-3.4798977381969576e-08
coefficient,Gamma:gamma_3_6,-0.001856,-0.0018559926893309416,7.310669058405855e-09,0.0028395,0.0028395449708861534,4.497088615341635e-08,0.0028395449708861534,4.497088615341635e-08
coefficient,Gamma:gamma_3_7,-0.0169828,-0.016982702286551424,9.771344857550934e-08,0.0085798,0.008579789822363482,-1.0177636518282629e-08,0.008579789822363482,-1.0177636518282629e-08
coefficient,Gamma:gamma_3_8,-0.0017929,-0.0017928824213009243,1.7578699075797982e-08,0.0037351,0.0037351082649066726,8.26490667267879e-09,0.0037351082649066726,8.26490667267879e-09
coefficient,Gamma:gamma_3_9,0.0044974,0.0044975189443074385,1.1894430743814022e-07,0.008078,0.008077948099140834,-5.1900859165954216e-08,0.008077948099140834,-5.1900859165954216e-08
coefficient,Gamma:gamma_3_10,0.0159209,0.015921005482673885,1.0548267388374444e-07,0.0110898,0.011089789583385442,-1.0416614558764192e-08,0.011089789583385442,-1.0416614558764192e-08
coefficient,Gamma:gamma_3_11,-0.0042529,-0.004252828854951958,7.114504804207888e-08,0.0030987,0.003098662076168834,-3.7923831165687094e-08,0.003098662076168834,-3.7923831165687094e-08
coefficient,Gamma:gamma_3_12,0.0315525,0.03155133488300177,-1.1651169982279663e-06,0.0194347,0.019434723953498313,2.395349831332827e-08,0.019434723953498313,2.395349831332827e-08
coefficient,Gamma:gamma_3_13,-0.0187214,-0.018721425112493056,-2.511249305725549e-08,0.0055757,0.0055757024320251146,2.43202511428231e-09,0.0055757024320251146,2.43202511428231e-09
coefficient,Gamma:gamma_3_14,-0.0042261,-0.00422606424338259,3.5756617410009905e-08,0.0107116,0.010711641650357338,4.165035733839917e-08,0.010711641650357338,4.165035733839917e-08
coefficient,Gamma:gamma_4_4,0.000616,0.000615953743580976,-4.625641902400012e-08,0.007014,0.00701403591252448,3.591252447938259e-08,0.00701403591252448,3.591252447938259e-08
coefficient,Gamma:gamma_4_5,0.0065583,0.00655848114959785,1.8114959784987228e-07,0.0125225,0.012522472946651047,-2.7053348953393064e-08,0.012522472946651047,-2.7053348953393064e-08
coefficient,Gamma:gamma_4_6,-0.0066097,-0.00660969510280334,4.897196659477132e-09,0.0025174,0.0025173651130711966,-3.4886928803289086e-08,0.0025173651130711966,-3.4886928803289086e-08
coefficient,Gamma:gamma_4_7,0.0018392,0.0018392663749718546,6.637497185451972e-08,0.0067804,0.006780352638024146,-4.7361975854219585e-08,0.006780352638024146,-4.7361975854219585e-08
coefficient,Gamma:gamma_4_8,0.0034455,0.003445467234639597,-3.2765360403162747e-08,0.0029475,0.0029474896264301688,-1.0373569831259588e-08,0.0029474896264301688,-1.0373569831259588e-08
coefficient,Gamma:gamma_4_9,0.0067196,0.006719682065686301,8.20656863012234e-08,0.0061945,0.006194509700117516,9.700117515644424e-09,0.006194509700117516,9.700117515644424e-09
coefficient,Gamma:gamma_4_10,-0.0073861,-0.007386050560105314,4.943989468601112e-08,0.0093813,0.009381265217570642,-3.478242935860132e-08,0.009381265217570642,-3.478242935860132e-08
coefficient,Gamma:gamma_4_11,-0.0004734,-0.00047336621573981145,3.3784260188561045e-08,0.002388,0.002388001244590787,1.2445907872013495e-09,0.002388001244590787,1.2445907872013495e-09
coefficient,Gamma:gamma_4_12,-0.0098495,-0.009849721318733781,-2.2131873378058997e-07,0.0153167,0.01531668419608535,-1.580391465090536e-08,0.01531668419608535,-1.580391465090536e-08
coefficient,Gamma:gamma_4_13,-0.0058933,-0.005893340466670742,-4.046667074261018e-08,0.0038104,0.0038104166209853778,1.6620985377954756e-08,0.0038104166209853778,1.6620985377954756e-08
coefficient,Gamma:gamma_4_14,-0.008851,-0.008851069089801688,-6.908980168876533e-08,0.0086108,0.008610807638775487,7.638775487150973e-09,0.008610807638775487,7.638775487150973e-09
coefficient,Gamma:gamma_5_5,0.0526901,0.052686746257088655,-3.353742911341162e-06,0.0461632,0.04616311315996074,-8.684003926368034e-08,0.04616311315996074,-8.684003926368034e-08
coefficient,Gamma:gamma_5_6,0.0117477,0.011747621299151573,-7.870084842674652e-08,0.0071719,0.007171918061493513,1.8061493512605553e-08,0.007171918061493513,1.8061493512605553e-08
coefficient,Gamma:gamma_5_7,0.0184057,0.018405299819798975,-4.0018020102533525e-07,0.0176319,0.01763187276442,-2.723557999961823e-08,0.01763187276442,-2.723557999961823e-08
coefficient,Gamma:gamma_5_8,-0.0082871,-0.008286981867932974,1.1813206702605827e-07,0.0073567,0.0073566489090441745,-5.109095582538081e-08,0.0073566489090441745,-5.109095582538081e-08
coefficient,Gamma:gamma_5_9,-0.0023771,-0.0023776892517474828,-5.892517474827275e-07,0.0152826,0.015282543764303167,-5.623569683359253e-08,0.015282543764303167,-5.623569683359253e-08
coefficient,Gamma:gamma_5_10,0.0533649,0.05336436744817716,-5.32551822841898e-07,0.0245205,0.024520492346901932,-7.653098068466369e-09,0.024520492346901932,-7.653098068466369e-09
coefficient,Gamma:gamma_5_11,-0.0054027,-0.005402717998211251,-1.7998211251230023e-08,0.0055064,0.005506373896060598,-2.6103939401549148e-08,0.005506373896060598,-2.6103939401549148e-08
coefficient,Gamma:gamma_5_12,-0.1062854,-0.10628067148655294,4.728513447058158e-06,0.0415458,0.041545777395803285,-2.2604196715791947e-08,0.041545777395803285,-2.2604196715791947e-08
coefficient,Gamma:gamma_5_13,-0.0027497,-0.0027494910614138286,2.089385861712631e-07,0.0096852,0.009685184140665189,-1.5859334810686132e-08,0.009685184140665189,-1.5859334810686132e-08
coefficient,Gamma:gamma_5_14,-0.0780323,-0.07803174570667608,5.542933239205405e-07,0.0220953,0.022095257321873334,-4.2678126664641436e-08,0.022095257321873334,-4.2678126664641436e-08
coefficient,Gamma:gamma_6_6,0.0080297,0.008029629199594587,-7.080040541340704e-08,0.0028527,0.0028527088975915937,8.897591593625548e-09,0.0028527088975915937,8.897591593625548e-09
coefficient,Gamma:gamma_6_7,0.0018011,0.0018011405452627567,4.054526275680016e-08,0.0033772,0.003377186250764584,-1.3749235415992656e-08,0.003377186250764584,-1.3749235415992656e-08
coefficient,Gamma:gamma_6_8,8.66e-05,8.663020787021867e-05,3.0207870218662515e-08,0.0014248,0.001424826920629376,2.6920629376094365e-08,0.001424826920629376,2.6920629376094365e-08
coefficient,Gamma:gamma_6_9,0.0018058,0.0018058255679640253,2.5567964025271714e-08,0.002977,0.002977028358139522,2.835813952195218e-08,0.002977028358139522,2.835813952195218e-08
coefficient,Gamma:gamma_6_10,0.0019549,0.0019548299421524584,-7.005784754144512e-08,0.0052307,0.005230735986689267,3.598668926740878e-08,0.005230735986689267,3.598668926740878e-08
coefficient,Gamma:gamma_6_11,6.04e-06,6.032316389913137e-06,-7.683610086862798e-09,0.0010709,0.001070860171525492,-3.982847450803573e-08,0.001070860171525492,-3.982847450803573e-08
coefficient,Gamma:gamma_6_12,-0.0172618,-0.017261704234455853,9.576554414747473e-08,0.0078516,0.007851620077048042,2.0077048041439172e-08,0.007851620077048042,2.0077048041439172e-08
coefficient,Gamma:gamma_6_13,-0.0013202,-0.001320150315221314,4.9684778686024875e-08,0.0015857,0.0015856755810943442,-2.4418905655767403e-08,0.0015856755810943442,-2.4418905655767403e-08
coefficient,Gamma:gamma_6_14,-0.0066283,-0.0066282973406924005,2.659307599649219e-09,0.0041318,0.004131846764893426,4.676489342644863e-08,0.004131846764893426,4.676489342644863e-08
coefficient,Gamma:gamma_7_7,0.0586796,0.05867972392948797,1.2392948797040892e-07,0.0141212,0.014121205373451582,5.373451581261457e-09,0.014121205373451582,5.373451581261457e-09
coefficient,Gamma:gamma_7_8,0.0003206,0.0003204983374561187,-1.0166254388126704e-07,0.0040881,0.004088057146298544,-4.2853701456326e-08,0.004088057146298544,-4.2853701456326e-08
coefficient,Gamma:gamma_7_9,-0.0170541,-0.017053933971018516,1.6602898148324052e-07,0.0086298,0.008629770064475371,-2.9935524628599275e-08,0.008629770064475371,-2.9935524628599275e-08
coefficient,Gamma:gamma_7_10,-0.0148813,-0.014881262131213406,3.786878659435555e-08,0.013119,0.013119002553936863,2.553936862340067e-09,0.013119002553936863,2.553936862340067e-09
coefficient,Gamma:gamma_7_11,0.005908,0.005908009633325909,9.633325908676993e-09,0.0032478,0.0032478149231938255,1.4923193825643055e-08,0.0032478149231938255,1.4923193825643055e-08
coefficient,Gamma:gamma_7_12,0.0040351,0.004034677293757916,-4.22706242083834e-07,0.0220963,0.022096251014777097,-4.8985222902281356e-08,0.022096251014777097,-4.8985222902281356e-08
coefficient,Gamma:gamma_7_13,-0.0002695,-0.0002693730765216236,1.269234783763751e-07,0.005419,0.0054190434929260525,4.3492926052324243e-08,0.0054190434929260525,4.3492926052324243e-08
coefficient,Gamma:gamma_7_14,-0.0173538,-0.017353706009978504,9.399002149496072e-08,0.0119876,0.011987572844438944,-2.7155561055022814e-08,0.011987572844438944,-2.7155561055022814e-08
coefficient,Gamma:gamma_8_8,0.0058703,0.005870349205902735,4.9205902735195706e-08,0.0025543,0.002554255253507538,-4.4746492461854304e-08,0.002554255253507538,-4.4746492461854304e-08
coefficient,Gamma:gamma_8_9,0.0022809,0.0022808216055313236,-7.839446867661734e-08,0.003696,0.003695949455642505,-5.0544357494981124e-08,0.003695949455642505,-5.0544357494981124e-08
coefficient,Gamma:gamma_8_10,0.003358,0.003358057031134729,5.703113472926499e-08,0.0055852,0.005585204714821445,4.714821444720685e-09,0.005585204714821445,4.714821444720685e-09
coefficient,Gamma:gamma_8_11,0.0001218,0.00012181580821674067,1.580821674066347e-08,0.0013949,0.0013949068914627715,6.891462771534823e-09,0.0013949068914627715,6.891462771534823e-09
coefficient,Gamma:gamma_8_12,-0.0074133,-0.007413172268378771,1.2773162122968473e-07,0.0095239,0.009523857803527,-4.219647299977258e-08,0.009523857803527,-4.219647299977258e-08
coefficient,Gamma:gamma_8_13,0.0014926,0.0014925372936905826,-6.270630941731213e-08,0.0023982,0.0023981958568394966,-4.143160503480153e-09,0.0023981958568394966,-4.143160503480153e-09
coefficient,Gamma:gamma_8_14,-0.002744,-0.0027440001089424865,-1.0894248654233496e-10,0.0051818,0.005181827135151322,2.7135151322091322e-08,0.005181827135151322,2.7135151322091322e-08
coefficient,Gamma:gamma_9_9,-0.0038841,-0.0038838977226050477,2.0227739495242217e-07,0.0110658,0.011065763641464877,-3.6358535123598434e-08,0.011065763641464877,-3.6358535123598434e-08
coefficient,Gamma:gamma_9_10,0.0467901,0.04679002888157426,-7.11184257387587e-08,0.012879,0.012879022935729754,2.2935729754661183e-08,0.012879022935729754,2.2935729754661183e-08
coefficient,Gamma:gamma_9_11,0.0005127,0.000512680557504344,-1.9442495656084476e-08,0.0030325,0.0030325285783625194,2.857836251934226e-08,0.0030325285783625194,2.857836251934226e-08
coefficient,Gamma:gamma_9_12,-0.0762555,-0.07625575377735591,-2.5377735590748074e-07,0.0200953,0.020095324571980534,2.4571980533627524e-08,0.020095324571980534,2.4571980533627524e-08
coefficient,Gamma:gamma_9_13,0.0005505,0.0005505788886537335,7.888865373353437e-08,0.0051402,0.005140161521531517,-3.847846848353126e-08,0.005140161521531517,-3.847846848353126e-08
coefficient,Gamma:gamma_9_14,0.0158438,0.01584396155767528,1.6155767527947784e-07,0.0108637,0.010863706222616624,6.222616623363653e-09,0.010863706222616624,6.222616623363653e-09
coefficient,Gamma:gamma_10_10,0.0085332,0.008532803485193093,-3.96514806906903e-07,0.0257535,0.025753486694446052,-1.3305553946824089e-08,0.025753486694446052,-1.3305553946824089e-08
coefficient,Gamma:gamma_10_11,0.0019661,0.001966115797136573,1.579713657280657e-08,0.0042002,0.004200220659251519,2.06592515187079e-08,0.004200220659251519,2.06592515187079e-08
coefficient,Gamma:gamma_10_12,-0.1008976,-0.10089684909172776,7.509082722428895e-07,0.0307055,0.030705417147521626,-8.285247837455656e-08,0.030705417147521626,-8.285247837455656e-08
coefficient,Gamma:gamma_10_13,-0.0189911,-0.018990963377441616,1.3662255838459147e-07,0.006766,0.0067659478777317,-5.2122268300036634e-08,0.0067659478777317,-5.2122268300036634e-08
coefficient,Gamma:gamma_10_14,0.0545401,0.05453993209678723,-1.6790321277077025e-07,0.0162728,0.016272751189113983,-4.8810886017075505e-08,0.016272751189113983,-4.8810886017075505e-08
coefficient,Gamma:gamma_11_11,-0.0024428,-0.0024428480989847024,-4.809898470226753e-08,0.0017203,0.0017202805143468262,-1.9485653173683185e-08,0.0017202805143468262,-1.9485653173683185e-08
coefficient,Gamma:gamma_11_12,-0.0089455,-0.008945520795354078,-2.0795354077618455e-08,0.0071059,0.007105894154570168,-5.8454298320145814e-09,0.007105894154570168,-5.8454298320145814e-09
coefficient,Gamma:gamma_11_13,-0.0027251,-0.0027250960538627864,3.946137213436257e-09,0.0019839,0.0019838500307477985,-4.996925220129844e-08,0.0019838500307477985,-4.996925220129844e-08
coefficient,Gamma:gamma_11_14,0.0012979,0.001297950103053201,5.0103053200875255e-08,0.0040489,0.004048854428624449,-4.557137555163959e-08,0.004048854428624449,-4.557137555163959e-08
coefficient,Gamma:gamma_12_12,0.2453396,0.2453367092711581,-2.8907288418811294e-06,0.0666412,0.06664116266103666,-3.7338963337907316e-08,0.06664116266103666,-3.7338963337907316e-08
coefficient,Gamma:gamma_12_13,0.0494298,0.04942937615723527,-4.2384276473239613e-07,0.0123246,0.012324632165021835,3.216502183524261e-08,0.012324632165021835,3.216502183524261e-08
coefficient,Gamma:gamma_12_14,-0.0056845,-0.005685235134515807,-7.351345158064515e-07,0.0266091,0.026609037224296132,-6.277570386778453e-08,0.026609037224296132,-6.277570386778453e-08
coefficient,Gamma:gamma_13_13,-0.0060877,-0.006087726091055758,-2.6091055758611925e-08,0.0059346,0.005934607918480816,7.91848081636154e-09,0.005934607918480816,7.91848081636154e-09
coefficient,Gamma:gamma_13_14,0.0096227,0.009622663989521316,-3.601047868402596e-08,0.0066733,0.006673308940408906,8.940408906255026e-09,0.006673308940408906,8.940408906255026e-09
coefficient,Gamma:gamma_14_14,0.0540459,0.05404570098814099,-1.9901185901310958e-07,0.0211829,0.021182891959964954,-8.040035047451877e-09,0.021182891959964954,-8.040035047451877e-09
coefficient,Nu:nu_npersonas_1,0.0080082,0.008008257377876965,5.7377876965317154e-08,0.0073056,0.007305684291086376,8.42910863763785e-08,0.007305684291086376,8.42910863763785e-08
coefficient,Nu:nu_npersonas_2,0.1363004,0.13629992323386897,-4.767661310189908e-07,0.0093589,0.009358232137028903,-6.678629710966943e-07,0.009358232137028903,-6.678629710966943e-07
coefficient,Nu:nu_npersonas_3,-0.0038174,-0.003817402129445402,-2.1294454021283937e-09,0.0017791,0.0017790809029121794,-1.90970878206128e-08,0.0017790809029121794,-1.90970878206128e-08
coefficient,Nu:nu_npersonas_4,-0.002384,-0.002383995897325815,4.102674184755517e-09,0.0012822,0.0012821997897804122,-2.1021958783104533e-10,0.0012821997897804122,-2.1021958783104533e-10
coefficient,Nu:nu_npersonas_5,-0.019174,-0.01917390967048106,9.032951894111241e-08,0.011213,0.01121304727443527,4.7274435269195614e-08,0.01121304727443527,4.7274435269195614e-08
coefficient,Nu:nu_npersonas_6,-0.0009625,-0.000962546292474987,-4.629247498701139e-08,0.0010033,0.001003305208438699,5.20843869899687e-09,0.001003305208438699,5.20843869899687e-09
coefficient,Nu:nu_npersonas_7,0.3712448,0.3712434856424557,-1.3143575443019806e-06,0.0219753,0.021974549383736768,-7.506162632321678e-07,0.021974549383736768,-7.506162632321678e-07
coefficient,Nu:nu_npersonas_8,0.0002913,0.0002912740807146701,-2.591928532989351e-08,0.0021077,0.0021077310952303443,3.1095230344172636e-08,0.0021077310952303443,3.1095230344172636e-08
coefficient,Nu:nu_npersonas_9,0.0007239,0.0007239617997605322,6.179976053219838e-08,0.0021311,0.0021310782992727613,-2.1700727238609108e-08,0.0021310782992727613,-2.1700727238609108e-08
coefficient,Nu:nu_npersonas_10,0.0015725,0.0015724856169068557,-1.4383093144233403e-08,0.0022265,0.0022264778231217875,-2.2176878212726986e-08,0.0022264778231217875,-2.2176878212726986e-08
coefficient,Nu:nu_npersonas_11,-0.0007012,-0.0007011950744316816,4.925568318448967e-09,0.0004275,0.00042749831151992466,-1.6884800753207661e-09,0.00042749831151992466,-1.6884800753207661e-09
coefficient,Nu:nu_npersonas_12,0.0116509,0.011651030452451316,1.3045245131522443e-07,0.0058739,0.005873949219619455,4.92196194556635e-08,0.005873949219619455,4.92196194556635e-08
coefficient,Nu:nu_npersonas_13,0.0005689,0.0005690007386897849,1.0073868978485289e-07,0.0045842,0.004584303884724426,1.0388472442609403e-07,0.004584303884724426,1.0388472442609403e-07
coefficient,Nu:nu_npersonas_14,0.0067135,0.00671354298555368,4.2985553679909805e-08,0.0040594,0.004059428293036622,2.829303662188476e-08,0.004059428293036622,2.829303662188476e-08
coefficient,Nu:nu_edad_1,-0.0024954,-0.0024953971812783303,2.818721669701346e-09,0.0005429,0.0005428681914838092,-3.1808516190792724e-08,0.0005428681914838092,-3.1808516190792724e-08
coefficient,Nu:nu_edad_2,-0.0030296,-0.0030295816508331313,1.8349166868662087e-08,0.0007512,0.000751240545479426,4.0545479425930717e-08,0.000751240545479426,4.0545479425930717e-08
coefficient,Nu:nu_edad_3,-0.000325,-0.00032497712776174563,2.2872238254355217e-08,0.0001213,0.0001213399641724673,3.99641724673069e-08,0.0001213399641724673,3.99641724673069e-08
coefficient,Nu:nu_edad_4,4.14e-05,4.138548293084579e-05,-1.4517069154207016e-08,8.48e-05,8.479025929941325e-05,-9.740700586754894e-09,8.479025929941325e-05,-9.740700586754894e-09
coefficient,Nu:nu_edad_5,0.0054585,0.005458484230741865,-1.5769258134533393e-08,0.000817,0.0008169766776381274,-2.332236187258408e-08,0.0008169766776381274,-2.332236187258408e-08
coefficient,Nu:nu_edad_6,-0.0002117,-0.00021169187568508924,8.12431491075934e-09,7.29e-05,7.286894683649564e-05,-3.105316350436073e-08,7.286894683649564e-05,-3.105316350436073e-08
coefficient,Nu:nu_edad_7,-0.0039561,-0.003956140658332443,-4.065833244300959e-08,0.0017394,0.0017393464212667109,-5.3578733289231725e-08,0.0017393464212667109,-5.3578733289231725e-08
coefficient,Nu:nu_edad_8,-0.0005826,-0.0005826318868051502,-3.188680515020092e-08,0.0001291,0.0001290881801758039,-1.1819824196089351e-08,0.0001290881801758039,-1.1819824196089351e-08
coefficient,Nu:nu_edad_9,-0.0002651,-0.0002651094628129307,-9.462812930699331e-09,0.0001433,0.00014334394343145813,4.39434314581451e-08,0.00014334394343145813,4.39434314581451e-08
coefficient,Nu:nu_edad_10,-0.0011511,-0.0011511311254477166,-3.1125447716613686e-08,0.000151,0.00015102832979594816,2.8329795948153422e-08,0.00015102832979594816,2.8329795948153422e-08
coefficient,Nu:nu_edad_11,-6.76e-05,-6.763320339283131e-05,-3.320339283130903e-08,2.76e-05,2.7597427525663705e-05,-2.5724743362946095e-09,2.7597427525663705e-05,-2.5724743362946095e-09
coefficient,Nu:nu_edad_12,-0.001561,-0.0015609573998923354,4.2600107664743717e-08,0.0004189,0.0004189088032402217,8.803240221695336e-09,0.0004189088032402217,8.803240221695336e-09
coefficient,Nu:nu_edad_13,3.58e-05,3.581033195884452e-05,1.0331958844515376e-08,0.0003807,0.0003807094907315703,9.490731570321702e-09,0.0003807094907315703,9.490731570321702e-09
coefficient,Nu:nu_edad_14,-0.0009309,-0.0009308756045420193,2.439545798075919e-08,0.0002852,0.00028524503377390175,4.503377390175636e-08,0.00028524503377390175,4.503377390175636e-08
coefficient,Nu:nu_Sex_1,-0.0351235,-0.03512404676741798,-5.467674179804316e-07,0.0157491,0.015749135790431083,3.5790431084092855e-08,0.015749135790431083,3.5790431084092855e-08
coefficient,Nu:nu_Sex_2,0.0841547,0.08415206554777131,-2.6344522286864125e-06,0.0245956,0.024596029928156772,4.2992815677336815e-07,0.024596029928156772,4.2992815677336815e-07
coefficient,Nu:nu_Sex_3,0.0215438,0.021543691285455795,-1.0871454420371962e-07,0.0033289,0.003328879215260539,-2.0784739461227747e-08,0.003328879215260539,-2.0784739461227747e-08
coefficient,Nu:nu_Sex_4,0.0023651,0.002365098456936211,-1.543063789157667e-09,0.0022656,0.002265565002407841,-3.4997592158938357e-08,0.002265565002407841,-3.4997592158938357e-08
coefficient,Nu:nu_Sex_5,-0.0521847,-0.05218613734270782,-1.4373427078204215e-06,0.0230923,0.02309236352770996,6.352770996059798e-08,0.02309236352770996,6.352770996059798e-08
coefficient,Nu:nu_Sex_6,-0.0011063,-0.001106328681543336,-2.8681543336097487e-08,0.0020064,0.002006427798651946,2.7798651945892122e-08,0.002006427798651946,2.7798651945892122e-08
coefficient,Nu:nu_Sex_7,0.2749488,0.27494399788223706,-4.802117762936486e-06,0.0549145,0.054914874692818465,3.746928184666931e-07,0.054914874692818465,3.746928184666931e-07
coefficient,Nu:nu_Sex_8,0.0098156,0.009815448112698119,-1.518873018815925e-07,0.0037823,0.00378230819556755,8.195567549693777e-09,0.00378230819556755,8.195567549693777e-09
coefficient,Nu:nu_Sex_9,0.0049776,0.004977527129236612,-7.287076338874376e-08,0.0038044,0.0038044076831768806,7.683176880737136e-09,0.0038044076831768806,7.683176880737136e-09
coefficient,Nu:nu_Sex_10,-0.0032388,-0.0032389701217448996,-1.7012174489960952e-07,0.00409,0.004090038634388266,3.863438826582494e-08,0.004090038634388266,3.863438826582494e-08
coefficient,Nu:nu_Sex_11,0.0003907,0.00039070658979828573,6.5897982857174645e-09,0.00077,0.0007699532834939527,-4.671650604727573e-08,0.0007699532834939527,-4.671650604727573e-08
coefficient,Nu:nu_Sex_12,0.0436351,0.043634075991766684,-1.0240082333190514e-06,0.0117514,0.011751485102569749,8.510256974819663e-08,0.011751485102569749,8.510256974819663e-08
coefficient,Nu:nu_Sex_13,-0.012486,-0.012486275633696814,-2.756336968130074e-07,0.0107556,0.010755618097089133,1.8097089132806943e-08,0.010755618097089133,1.8097089132806943e-08
coefficient,Nu:nu_Sex_14,0.0265619,0.026561442002091096,-4.579979089036623e-07,0.0080025,0.008002572029969809,7.202996980988641e-08,0.008002572029969809,7.202996980988641e-08
coefficient,Nu:nu_prim_comp_1,-0.1123941,-0.11239328766060931,8.123393906850351e-07,0.021985,0.02198500480600012,4.806000118706688e-09,0.02198500480600012,4.806000118706688e-09
coefficient,Nu:nu_prim_comp_2,-0.2109579,-0.21095462241252175,3.2775874782564607e-06,0.0332743,0.0332748610796353,5.610796353014424e-07,0.0332748610796353,5.610796353014424e-07
coefficient,Nu:nu_prim_comp_3,-0.0094832,-0.009483059612991226,1.403870087748893e-07,0.0051393,0.005139258620119332,-4.137988066869186e-08,0.005139258620119332,-4.137988066869186e-08
coefficient,Nu:nu_prim_comp_4,-0.0032247,-0.003224699267160409,7.328395910943808e-10,0.0035833,0.0035832998505700704,-1.4942992980146452e-10,0.0035832998505700704,-1.4942992980146452e-10
coefficient,Nu:nu_prim_comp_5,0.0446317,0.04463400363149243,2.303631492429903e-06,0.033939,0.03393951227781078,5.122778107824466e-07,0.03393951227781078,5.122778107824466e-07
coefficient,Nu:nu_prim_comp_6,-0.0032134,-0.003213388272438853,1.172756114702772e-08,0.0030373,0.003037290363071542,-9.636928458359173e-09,0.003037290363071542,-9.636928458359173e-09
coefficient,Nu:nu_prim_comp_7,-0.4157672,-0.41576063019050596,6.5698094940391805e-06,0.0741454,0.07414590478833598,5.047883359782235e-07,0.07414590478833598,5.047883359782235e-07
coefficient,Nu:nu_prim_comp_8,-0.0397228,-0.03972261062562543,1.893743745706722e-07,0.0056055,0.0056054934533162895,-6.5466837107647224e-09,0.0056054934533162895,-6.5466837107647224e-09
coefficient,Nu:nu_prim_comp_9,-0.0121583,-0.012158080501207796,2.1949879220467539e-07,0.00595,0.0059500722626798595,7.226267985903367e-08,0.0059500722626798595,7.226267985903367e-08
coefficient,Nu:nu_prim_comp_10,-0.025377,-0.025376720701588404,2.7929841159637925e-07,0.0063027,0.006302686478204633,-1.3521795366559786e-08,0.006302686478204633,-1.3521795366559786e-08
coefficient,Nu:nu_prim_comp_11,-0.0019337,-0.0019337407047372343,-4.070473723426053e-08,0.0011994,0.0011994203741612444,2.0374161244403333e-08,0.0011994203741612444,2.0374161244403333e-08
coefficient,Nu:nu_prim_comp_12,-0.088044,-0.08804381243909444,1.8756090555682725e-07,0.0173988,0.01739878928617369,-1.0713826308766938e-08,0.01739878928617369,-1.0713826308766938e-08
coefficient,Nu:nu_prim_comp_13,-0.062872,-0.06287154541588065,4.545841193470679e-07,0.0145565,0.014556547334476456,4.7334476456495356e-08,0.014556547334476456,4.7334476456495356e-08
coefficient,Nu:nu_prim_comp_14,-0.0448273,-0.04482659339689007,7.06603109933146e-07,0.0119035,0.011903574265773988,7.426577398883527e-08,0.011903574265773988,7.426577398883527e-08
coefficient,Nu:nu_sec_comp_1,-0.2475579,-0.24755794705366116,-4.70536611618666e-08,0.0398264,0.03982639677520966,-3.2247903375415277e-09,0.03982639677520966,-3.2247903375415277e-09
coefficient,Nu:nu_sec_comp_2,-0.679496,-0.6794953814129813,6.185870187191966e-07,0.0634536,0.06345385463228426,2.5463228425781637e-07,0.06345385463228426,2.5463228425781637e-07
coefficient,Nu:nu_sec_comp_3,-0.0111772,-0.011177158170170001,4.182982999909046e-08,0.0083039,0.008303959664260075,5.966426007593395e-08,0.008303959664260075,5.966426007593395e-08
coefficient,Nu:nu_sec_comp_4,-0.0021077,-0.002107672369894974,2.7630105025981677e-08,0.0054321,0.0054321143238793956,1.4323879395962413e-08,0.0054321143238793956,1.4323879395962413e-08
coefficient,Nu:nu_sec_comp_5,-0.0535454,-0.05354423514676011,1.1648532398933487e-06,0.0612591,0.06125945321063125,3.5321063125010044e-07,0.06125945321063125,3.5321063125010044e-07
coefficient,Nu:nu_sec_comp_6,-0.0186436,-0.018643572649319602,2.735068039758093e-08,0.0046626,0.004662560529197652,-3.9470802347917056e-08,0.004662560529197652,-3.9470802347917056e-08
coefficient,Nu:nu_sec_comp_7,-0.9091252,-0.9091223254564367,2.8745435632915317e-06,0.1209302,0.12093032221787167,1.2221787167032705e-07,0.12093032221787167,1.2221787167032705e-07
coefficient,Nu:nu_sec_comp_8,-0.0781321,-0.07813207368260518,2.6317394818953233e-08,0.0091127,0.00911266423434001,-3.576565998919534e-08,0.00911266423434001,-3.576565998919534e-08
coefficient,Nu:nu_sec_comp_9,-0.0312042,-0.03120404174123483,1.582587651725864e-07,0.0098371,0.009837158630098814,5.863009881409975e-08,0.009837158630098814,5.863009881409975e-08
coefficient,Nu:nu_sec_comp_10,-0.0685284,-0.06852837987457691,2.0125423091932326e-08,0.011074,0.011074030784476623,3.078447662237249e-08,0.011074030784476623,3.078447662237249e-08
coefficient,Nu:nu_sec_comp_11,-0.0006452,-0.0006451932230452276,6.776954772315033e-09,0.001762,0.0017620000368504837,3.685048381892042e-11,0.0017620000368504837,3.685048381892042e-11
coefficient,Nu:nu_sec_comp_12,-0.2663831,-0.26638371480259493,-6.14802594944841e-07,0.0345416,0.03454170498519396,1.0498519396190398e-07,0.03454170498519396,1.0498519396190398e-07
coefficient,Nu:nu_sec_comp_13,-0.0766565,-0.07665689254363155,-3.925436315443953e-07,0.0247232,0.024723264101497902,6.410149790136987e-08,0.024723264101497902,6.410149790136987e-08
coefficient,Nu:nu_sec_comp_14,-0.1201949,-0.12019469674355428,2.0325644571606016e-07,0.0219064,0.021906456606738355,5.660673835575225e-08,0.021906456606738355,5.660673835575225e-08
coefficient,Nu:nu_sup_comp_1,-0.2650739,-0.26507333063008837,5.693699116071649e-07,0.0463693,0.04636926292394801,-3.707605199243513e-08,0.04636926292394801,-3.707605199243513e-08
coefficient,Nu:nu_sup_comp_2,-0.5282924,-0.5282905503610218,1.8496389782018952e-06,0.0751354,0.0751355865865027,1.865865026928759e-07,0.0751355865865027,1.865865026928759e-07
coefficient,Nu:nu_sup_comp_3,0.0045761,0.004576269530291995,1.6953029199559544e-07,0.0079762,0.007976232199774285,3.219977428615961e-08,0.007976232199774285,3.219977428615961e-08
coefficient,Nu:nu_sup_comp_4,-0.006686,-0.006685978508674347,2.1491325653127946e-08,0.0053525,0.005352482976681117,-1.702331888300823e-08,0.005352482976681117,-1.702331888300823e-08
coefficient,Nu:nu_sup_comp_5,-0.0864479,-0.08644541362498694,2.486375013058262e-06,0.0661452,0.06614554172229195,3.4172229194939785e-07,0.06614554172229195,3.4172229194939785e-07
coefficient,Nu:nu_sup_comp_6,-0.0149275,-0.01492744447024388,5.5529756119720997e-08,0.00462,0.0046200033117539015,3.3117539014956843e-09,0.0046200033117539015,3.3117539014956843e-09
coefficient,Nu:nu_sup_comp_7,-1.252378,-1.2523733297839366,4.670216063429322e-06,0.165313,0.16531311797962017,1.1797962018444963e-07,0.16531311797962017,1.1797962018444963e-07
coefficient,Nu:nu_sup_comp_8,-0.062077,-0.062076880534317945,1.194656820552309e-07,0.0085059,0.008505912969841831,1.2969841830731688e-08,0.008505912969841831,1.2969841830731688e-08
coefficient,Nu:nu_sup_comp_9,-0.0391452,-0.03914489827685107,3.017231489307881e-07,0.0105138,0.010513804667277821,4.667277821168714e-09,0.010513804667277821,4.667277821168714e-09
coefficient,Nu:nu_sup_comp_10,-0.0644254,-0.0644252135098775,1.8649012249738472e-07,0.011085,0.011084982654283803,-1.734571619671499e-08,0.011084982654283803,-1.734571619671499e-08
coefficient,Nu:nu_sup_comp_11,-0.0035234,-0.003523427767206574,-2.776720657397813e-08,0.0017797,0.001779746033028929,4.6033028929057945e-08,0.001779746033028929,4.6033028929057945e-08
coefficient,Nu:nu_sup_comp_12,-0.1665614,-0.16656113399879502,2.66001204979327e-07,0.0310937,0.03109375380853583,5.3808535831895155e-08,0.03109375380853583,5.3808535831895155e-08
coefficient,Nu:nu_sup_comp_13,-0.2280268,-0.2280269433258972,-1.4332589720611466e-07,0.0373883,0.03738831711697318,1.7116973179132078e-08,0.03738831711697318,1.7116973179132078e-08
coefficient,Nu:nu_sup_comp_14,-0.1112697,-0.11126908265108086,6.173489191380055e-07,0.0223921,0.02239221799569239,1.1799569238704621e-07,0.02239221799569239,1.1799569238704621e-07
coefficient,Nu:nu_log_ing_1,0.0215404,0.021540404823563928,4.823563926753538e-09,0.003883,0.003882958306983355,-4.169301664504188e-08,0.003882958306983355,-4.169301664504188e-08
coefficient,Nu:nu_log_ing_2,-0.0210101,-0.02100968185833379,4.181416662085713e-07,0.0052913,0.005291274510750247,-2.5489249752541632e-08,0.005291274510750247,-2.5489249752541632e-08
coefficient,Nu:nu_log_ing_3,0.0018142,0.001814210926644863,1.092664486299598e-08,0.0008524,0.0008524299053803039,2.9905380303845916e-08,0.0008524299053803039,2.9905380303845916e-08
coefficient,Nu:nu_log_ing_4,0.0003759,0.00037584845292039045,-5.1547079609522845e-08,0.0005791,0.0005791422894239276,4.2289423927543285e-08,0.0005791422894239276,4.2289423927543285e-08
coefficient,Nu:nu_log_ing_5,-0.0129496,-0.012949626408124493,-2.6408124492727225e-08,0.0053767,0.0053767299880686245,2.9988068624663133e-08,0.0053767299880686245,2.9988068624663133e-08
coefficient,Nu:nu_log_ing_6,0.0014623,0.0014622958643800575,-4.135619942422647e-09,0.0004756,0.0004755503423925011,-4.965760749890387e-08,0.0004755503423925011,-4.965760749890387e-08
coefficient,Nu:nu_log_ing_7,-0.0825965,-0.0825956910734346,8.089265653987709e-07,0.0130546,0.013054583338630105,-1.6661369894865885e-08,0.013054583338630105,-1.6661369894865885e-08
coefficient,Nu:nu_log_ing_8,0.0033458,0.003345846988418747,4.6988418747097305e-08,0.0009017,0.0009017085762983906,8.576298390645248e-09,0.0009017085762983906,8.576298390645248e-09
coefficient,Nu:nu_log_ing_9,0.001517,0.0015169617859525906,-3.8214047409302135e-08,0.0009644,0.000964395575824272,-4.424175728025281e-09,0.000964395575824272,-4.424175728025281e-09
coefficient,Nu:nu_log_ing_10,0.0061605,0.006160516505519915,1.6505519915242794e-08,0.0010094,0.0010093877347767059,-1.2265223294036925e-08,0.0010093877347767059,-1.2265223294036925e-08
coefficient,Nu:nu_log_ing_11,0.0005704,0.0005704086493076387,8.649307638706506e-09,0.0001948,0.000194794038282931,-5.961717068988679e-09,0.000194794038282931,-5.961717068988679e-09
coefficient,Nu:nu_log_ing_12,0.0070616,0.00706172632802028,1.2632802027980755e-07,0.0028548,0.0028547499480643303,-5.0051935669443576e-08,0.0028547499480643303,-5.0051935669443576e-08
coefficient,Nu:nu_log_ing_13,0.0054779,0.005477899873688394,-1.2631160613979509e-10,0.0024491,0.002449070800573079,-2.9199426921071997e-08,0.002449070800573079,-2.9199426921071997e-08
coefficient,Nu:nu_log_ing_14,0.0006958,0.000695858861045633,5.886104563295174e-08,0.0018845,0.0018845179690527287,1.796905272862838e-08,0.0018845179690527287,1.796905272862838e-08
uncompensated,good_1_price_1,-0.8663996,-0.8664014903169985,-1.8903169984874069e-06,0.0873311,0.08732836804503738,-2.731954962614802e-06,0.08733116231263832,6.231263832701117e-08
uncompensated,good_2_price_1,0.0962581,0.09625799459674676,-1.0540325323660227e-07,0.0354197,0.03542449436131144,4.7943613114415085e-06,0.03541974117910605,4.117910604867214e-08
uncompensated,good_3_price_1,0.0576024,0.05760430699150186,1.906991501862687e-06,0.0870558,0.08704531015437893,-1.0489845621075577e-05,0.08705582813746417,2.8137464164190717e-08
uncompensated,good_4_price_1,-0.0368599,-0.036856487028089364,3.412971910636553e-06,0.2385899,0.23861387943373508,2.3979433735082933e-05,0.23858992094810036,2.09481003654588e-08
uncompensated,good_5_price_1,0.1334977,0.13349321307977027,-4.486920229723745e-06,0.086113,0.08614710227930279,3.41022793027973e-05,0.0861130538662624,5.386626240888592e-08
uncompensated,good_6_price_1,0.6171668,0.6171653108427572,-1.4891572428510358e-06,0.3505523,0.3515154959257442,0.0009631959257442313,0.3505524634485486,1.634485486401438e-07
uncompensated,good_7_price_1,0.0945244,0.09452540146593279,1.0014659327928221e-06,0.0967467,0.096784606852655,3.7906852654992496e-05,0.0967467543573063,5.4357306294994245e-08
uncompensated,good_8_price_1,0.0979706,0.09797092395867511,3.239586751080381e-07,0.1142411,0.11431720747196408,7.610747196408474e-05,0.11424113612782942,3.612782942252757e-08
uncompensated,good_9_price_1,-0.0880628,-0.08806328834593082,-4.8834593081859e-07,0.0865898,0.08662266757237834,3.2867572378345034e-05,0.08658983683869459,3.6838694594809596e-08
uncompensated,good_10_price_1,-0.0037561,-0.00375755761935849,-1.4576193584901233e-06,0.1017718,0.1017719847477646,1.8474776460053466e-07,0.10177186474096554,6.474096554687225e-08
uncompensated,good_11_price_1,-0.1743531,-0.17435459396622252,-1.4939662225099681e-06,0.2229284,0.22307815543801746,0.00014975543801745705,0.22292845784547222,5.78454722177657e-08
uncompensated,good_12_price_1,-0.1373683,-0.13736645590868005,1.8440913199524456e-06,0.055904,0.055951820216128656,4.782021612865367e-05,0.05590407180970356,7.18097035584675e-08
uncompensated,good_13_price_1,-0.1751006,-0.17509975790344165,8.420965583455509e-07,0.0540102,0.053963979001626694,-4.622099837330723e-05,0.05401024785000701,4.7850007005301176e-08
uncompensated,good_14_price_1,-0.0849191,-0.08491794097787603,1.1590221239698995e-06,0.0734149,0.07342741278147927,1.2512781479262491e-05,0.07341488030391792,-1.9696082084741384e-08
uncompensated,good_1_price_2,0.2294073,0.22940709930415584,-2.0069584416582131e-07,0.1069641,0.10672973582448265,-0.00023436417551735145,0.10696410028684991,2.868499049402118e-10
uncompensated,good_2_price_2,-0.855797,-0.8557970201550851,-2.0155085045381327e-08,0.099968,0.09979452755239827,-0.00017347244760172742,0.09996802292038881,2.2920388809133385e-08
uncompensated,good_3_price_2,-0.046001,-0.04599916397258532,1.8360274146797528e-06,0.1554386,0.15553400965316122,9.54096531612103e-05,0.15543860264112397,2.6411239584245294e-09
uncompensated,good_4_price_2,0.2696526,0.26965227117837715,-3.2882162287473093e-07,0.4702544,0.4689110921908788,-0.0013433078091212303,0.47025454673895195,1.4673895193384467e-07
uncompensated,good_5_price_2,0.3741052,0.3740999082496764,-5.291750323599409e-06,0.1634481,0.16283170318293208,-0.0006163968170679324,0.1634482262303776,1.2623037759507127e-07
uncompensated,good_6_price_2,0.59416,0.594165025477479,5.025477478937113e-06,0.7462655,0.7421867586134913,-0.004078741386508766,0.7462657582688295,2.582688294339164e-07
uncompensated,good_7_price_2,0.073413,0.07341687283477889,3.872834778886891e-06,0.2042187,0.20402178054146086,-0.00019691945853914095,0.20421872159395738,2.159395737222347e-08
uncompensated,good_8_price_2,-0.1405294,-0.14053293894138216,-3.5389413821640403e-06,0.2508258,0.2510636026234139,0.00023780262341388525,0.25082595567131183,1.5567131184113236e-07
uncompensated,good_9_price_2,0.1044049,0.10440659861510568,1.6986151056830323e-06,0.1637944,0.1636063367585446,-0.00018806324145539954,0.1637943849080913,-1.509190869497523e-08
uncompensated,good_10_price_2,-0.7494642,-0.7494614965035234,2.7034964765748626e-06,0.2166043,0.21866287994701283,0.002058579947012834,0.21660442834702015,1.2834702015074306e-07
uncompensated,good_11_price_2,1.022526,1.0225255517879936,-4.4821200639866277e-07,0.4249109,0.42230811255993467,-0.002602787440065313,0.4249110467763465,1.4677634652127125e-07
uncompensated,good_12_price_2,-0.188001,-0.18800139532866167,-3.953286616675822e-07,0.1122822,0.11257192535701366,0.0002897253570136593,0.11228225445297027,5.445297027173446e-08
uncompensated,good_13_price_2,0.0604288,0.06042963764478022,8.376447802188602e-07,0.089119,0.08902516529387355,-9.383470612644995e-05,0.08911899814645417,-1.8535458307100683e-09
uncompensated,good_14_price_2,-0.2428475,-0.242846223979494,1.276020505980302e-06,0.1564969,0.15697961310173975,0.00048271310173975124,0.1564969555904864,5.5590486408574336e-08
uncompensated,good_1_price_3,0.0669765,0.06697835048396555,1.8504839655597571e-06,0.0802902,0.08034330097605798,5.310097605797093e-05,0.08029026177421741,6.177421740805045e-08
uncompensated,good_2_price_3,0.0185365,0.018537054229454123,5.542294541222015e-07,0.0474325,0.04744330095418996,1.0800954189954526e-05,0.04743251206985027,1.2069850265084003e-08
uncompensated,good_3_price_3,-1.03666,-1.0366602469294346,-2.46929434677412e-07,0.1542475,0.1541901317817968,-5.736821820320759e-05,0.1542475171959659,1.7195965901217747e-08
uncompensated,good_4_price_3,0.3206307,0.3206283234415487,-2.3765584513113502e-06,0.315021,0.3163448667068372,0.0013238667068372068,0.31502107091608345,7.091608345000111e-08
uncompensated,good_5_price_3,-0.2568608,-0.25685643382989237,4.366170107628076e-06,0.107791,0.10761149612274842,-0.00017950387725157446,0.1077910689518633,6.895186330235781e-08
uncompensated,good_6_price_3,-0.2844936,-0.28449191249270955,1.6875072904598554e-06,0.4749232,0.47410660349585515,-0.0008165965041448398,0.4749233749399005,1.7493990051020702e-07
uncompensated,good_7_price_3,-0.2268594,-0.22685853742573975,8.625742602408337e-07,0.1276445,0.12739665267291578,-0.0002478473270842163,0.1276445612001794,6.120017939648115e-08
uncompensated,good_8_price_3,-0.046838,-0.04683872736840228,-7.273684022798821e-07,0.1517602,0.15166850491814102,-9.169508185899455e-05,0.15176023773016684,3.773016682417918e-08
uncompensated,good_9_price_3,0.0873596,0.08736166897020671,2.068970206714482e-06,0.1127092,0.11283556674442588,0.0001263667444258848,0.11270926165020345,6.165020345616501e-08
uncompensated,good_10_price_3,0.2221739,0.22217543152610206,1.5315261020498738e-06,0.1365198,0.13690359884041167,0.00038379884041167545,0.1365198225717367,2.2571736701948453e-08
uncompensated,good_11_price_3,-0.3870169,-0.3870131000238679,3.799976132090599e-06,0.2982729,0.29744769594977843,-0.000825204050221573,0.29827296518724167,6.518724166015843e-08
uncompensated,good_12_price_3,0.144104,0.1440996516513647,-4.348348635302424e-06,0.0733572,0.0734753195960655,0.00011811959606550237,0.07335719197882126,-8.021178735106993e-09
uncompensated,good_13_price_3,-0.1881147,-0.1881153583335167,-6.583335167009707e-07,0.0627886,0.0627367854127531,-5.1814587246901134e-05,0.06278857661677224,-2.338322775685686e-08
uncompensated,good_14_price_3,-0.0136122,-0.013612026899284419,1.7310071558085394e-07,0.0988587,0.09884481970727974,-1.3880292720258591e-05,0.09885875757982168,5.75798216884138e-08
uncompensated,good_1_price_4,-0.0047885,-0.004787664638246043,8.353617539568967e-07,0.0575943,0.057592454761807306,-1.8452381926950534e-06,0.05759427424811725,-2.5751882751223754e-08
uncompensated,good_2_price_4,0.0305619,0.030561857394665,-4.260533499958474e-08,0.0375862,0.037598582412101664,1.2382412101663576e-05,0.037586172959470636,-2.704052936425283e-08
uncompensated,good_3_price_4,0.0843977,0.08439706207221082,-6.379277891904733e-07,0.0824549,0.08251009479913518,5.5194799135183104e-05,0.08245487239336931,-2.7606630689791523e-08
uncompensated,good_4_price_4,-0.9560945,-0.9560967537979672,-2.2537979672554442e-06,0.3547941,0.3549268630841885,0.00013276308418852523,0.35479422406662825,1.2406662824870907e-07
uncompensated,good_5_price_4,0.0539248,0.05392622295154785,1.4229515478483834e-06,0.0896042,0.08964721215378589,4.3012153785895735e-05,0.08960426971489761,6.971489761864458e-08
uncompensated,good_6_price_4,-1.098733,-1.09873176310787,1.2368921300520697e-06,0.4179947,0.41777808372546305,-0.00021661627453695154,0.41799486012394005,1.6012394005171515e-07
uncompensated,good_7_price_4,0.0351924,0.035192783244026075,3.8324402607675667e-07,0.1018245,0.10185817755138729,3.367755138729278e-05,0.10182452810503657,2.8105036575798437e-08
uncompensated,good_8_price_4,0.1475343,0.14753454088996942,2.4088996941618035e-07,0.1196005,0.11980790898939932,0.00020740898939931862,0.1196005731156885,7.311568850365546e-08
uncompensated,good_9_price_4,0.1008921,0.10089286071091264,7.607109126367417e-07,0.0863254,0.08642194752525896,9.65475252589637e-05,0.08632546268082486,6.268082486382553e-08
uncompensated,good_10_price_4,-0.0837653,-0.08376462808365712,6.719163428842156e-07,0.1156618,0.1155842940396782,-7.75059603217998e-05,0.11566178373068771,-1.6269312286265603e-08
uncompensated,good_11_price_4,-0.0387427,-0.038740974925610655,1.7250743893429399e-06,0.2304764,0.23039733807832155,-7.906192167844717e-05,0.23047651660720597,1.16607205974395e-07
uncompensated,good_12_price_4,-0.0302504,-0.030251279186517037,-8.791865170366953e-07,0.058033,0.058020049300910925,-1.2950699089075979e-05,0.0580329886648087,-1.1335191299477465e-08
uncompensated,good_13_price_4,-0.0600354,-0.060036002262610015,-6.022626100124495e-07,0.0433471,0.04334101667637742,-6.08332362257713e-06,0.04334716768533985,6.768533985374026e-08
uncompensated,good_14_price_4,-0.0744659,-0.07446642848554652,-5.284855465192972e-07,0.0794879,0.07944011498165351,-4.778501834648563e-05,0.07948793388491346,3.3884913458459565e-08
uncompensated,good_1_price_5,0.2289208,0.22891312687284388,-7.673127156132553e-06,0.147821,0.148057984281601,0.00023698428160098817,0.1478211115287131,1.1152871309816348e-07
uncompensated,good_2_price_5,0.2472207,0.24721768162765995,-3.018372340041209e-06,0.092884,0.09304486874720502,0.00016086874720502853,0.09288408090654907,8.090654907144668e-08
uncompensated,good_3_price_5,-0.50398,-0.5039717566494163,8.243350583692077e-06,0.2005638,0.2002710204994379,-0.0002927795005620848,0.2005638477393306,4.7739330599760876e-08
uncompensated,good_4_price_5,0.3539925,0.35400254136165743,1.0041361657442405e-05,0.6369957,0.6381032249120353,0.0011075249120352515,0.6369958461263663,1.4612636622945985e-07
uncompensated,good_5_price_5,-0.600076,-0.6000996541536813,-2.365415368121848e-05,0.3298073,0.3303118650475882,0.000504565047588168,0.32980754538713686,2.453871368324201e-07
uncompensated,good_6_price_5,1.987807,1.987801023219449,-5.976780551142369e-06,1.196508,1.2047899253034617,0.008281925303461835,1.1965086417694417,6.417694418114905e-07
uncompensated,good_7_price_5,0.298563,0.2985572038026745,-5.796197325547148e-06,0.2644888,0.2650682150510407,0.0005794150510406992,0.26448887813531186,7.813531183176181e-08
uncompensated,good_8_price_5,-0.3152477,-0.31524493357587796,2.7664241220581864e-06,0.2984813,0.29814737430256183,-0.00033392569743817546,0.29848146259597746,1.625959774598229e-07
uncompensated,good_9_price_5,-0.0125073,-0.012515287041902207,-7.987041902206629e-06,0.2133233,0.21331050496751944,-1.2795032480555912e-05,0.21332338791709848,8.79170984902089e-08
uncompensated,good_10_price_5,0.6799371,0.6799310305471312,-6.069452868739944e-06,0.3008814,0.30189314069256235,0.001011740692562324,0.30088160027152416,2.0027152414225924e-07
uncompensated,good_11_price_5,-0.5011579,-0.5011647901087433,-6.890108743218271e-06,0.5306169,0.5294457293291228,-0.0011711706708771308,0.5306172056322728,3.0563227282343064e-07
uncompensated,good_12_price_5,-0.3822537,-0.382236198838984,1.750116101595367e-05,0.155925,0.15584801783078725,-7.698216921275813e-05,0.15592511932562644,1.193256264353515e-07
uncompensated,good_13_price_5,-0.0104139,-0.010411365825022606,2.534174977393902e-06,0.1103972,0.11038398590351187,-1.321409648813443e-05,0.11039727104441298,7.104441297756114e-08
uncompensated,good_14_price_5,-0.6994361,-0.6994312163622114,4.883637788610784e-06,0.2008622,0.20053757407726955,-0.00032462592273044266,0.20086225140912695,5.1409126955448414e-08
uncompensated,good_1_price_6,0.0453632,0.0453630886800315,-1.1131996850016757e-07,0.0257331,0.025752962277648856,1.986227764885773e-05,0.025733132005008607,3.200500860861544e-08
uncompensated,good_2_price_6,0.0159949,0.015995048056740502,1.4805674050308304e-07,0.018135,0.018138532429380735,3.5324293807363627e-06,0.01813500210356565,2.103565651528916e-09
uncompensated,good_3_price_6,-0.0236691,-0.023668931883066048,1.6811693395041294e-07,0.0377906,0.03778853485709539,-2.0651429046072978e-06,0.03779061934022064,1.934022064026264e-08
uncompensated,good_4_price_6,-0.3352254,-0.33522488840135045,5.115986495551894e-07,0.1270875,0.1275610573622641,0.00047355736226412093,0.12708749126533667,-8.734663325959957e-09
uncompensated,good_5_price_6,0.0850707,0.08507041829069717,-2.817093028295581e-07,0.0511715,0.05121472875066925,4.3228750669248306e-05,0.05117152286562497,2.2865624969836684e-08
uncompensated,good_6_price_6,0.2836951,0.2836919366809827,-3.163319017285282e-06,0.4718195,0.47944375708270287,0.007624257082702868,0.47181969614629654,1.9614629653830207e-07
uncompensated,good_7_price_6,0.0279207,0.027920749603513057,4.96035130574668e-08,0.050705,0.05072403951939376,1.9039519393762583e-05,0.05070499191082213,-8.089177869208264e-09
uncompensated,good_8_price_6,0.0045816,0.004581473186610755,-1.26813389245313e-07,0.057944,0.05794625809995083,2.2580999508303723e-06,0.05794406950528297,6.950528296661984e-08
uncompensated,good_9_price_6,0.0262498,0.026249975823316868,1.7582331686763486e-07,0.0415474,0.04155793126126019,1.0531261260195157e-05,0.04154742210140885,2.2101408848895776e-08
uncompensated,good_10_price_6,0.0251785,0.02517766250572228,-8.374942777195082e-07,0.0645246,0.06453759881278452,1.299881278452042e-05,0.0645246387610925,3.876109250233739e-08
uncompensated,good_11_price_6,0.001684,0.001683276465425227,-7.235345747729025e-07,0.1033557,0.1033568545746283,1.1545746283064817e-06,0.10335569083022296,-9.169777034911952e-09
uncompensated,good_12_price_6,-0.0643879,-0.06438760626568579,2.937343142050963e-07,0.0295863,0.029582184950572826,-4.11504942717314e-06,0.02958631189031638,1.1890316380797072e-08
uncompensated,good_13_price_6,-0.0140637,-0.014063599391297879,1.006087021210994e-07,0.0180631,0.018062269435201426,-8.305647985727693e-07,0.018063146064050517,4.6064050518435096e-08
uncompensated,good_14_price_6,-0.0601684,-0.060168449344591264,-4.934459126720858e-08,0.0380499,0.038039078331998856,-1.0821668001141649e-05,0.038049906819949755,6.819949757708166e-09
uncompensated,good_1_price_7,0.042376,0.042376798138760795,7.981387607977619e-07,0.0791352,0.07913096241952476,-4.237580475241476e-06,0.07913522019915847,2.019915847084608e-08
uncompensated,good_2_price_7,0.001563,0.0015641062794338832,1.1062794338832175e-06,0.0552943,0.05529318320017488,-1.1167998251182532e-06,0.05529430653754313,6.537543131845958e-09
uncompensated,good_3_price_7,-0.2483299,-0.24832915102660974,7.4897339025215e-07,0.1132258,0.11350944724468896,0.0002836472446889615,0.11322585548242789,5.548242788810942e-08
uncompensated,good_4_price_7,0.0703758,0.07037704290603496,1.2429060349539167e-06,0.3449223,0.34466495872690645,-0.0002573412730935698,0.3449223973052189,9.730521888240418e-08
uncompensated,good_5_price_7,0.1074273,0.10742455671416527,-2.74328583473038e-06,0.1260211,0.12584781876184314,-0.0001732812381568527,0.12602120358575503,1.0358575502911194e-07
uncompensated,good_6_price_7,0.275426,0.27542617901517613,1.79015176127173e-07,0.5648647,0.5627789451207446,-0.0020857548792554415,0.5648648907781342,1.9077813417922584e-07
uncompensated,good_7_price_7,-0.2174267,-0.21742431143991658,2.388560083416147e-06,0.1986782,0.1975316411522139,-0.001146558847786111,0.19867831755741855,1.1755741854968527e-07
uncompensated,good_8_price_7,-0.0129079,-0.01291089739098724,-2.9973909872402227e-06,0.1662096,0.16623241350701096,2.2813507010943646e-05,0.16620968313686185,8.313686183925029e-08
uncompensated,good_9_price_7,-0.262453,-0.26245058556586703,2.4144341329579433e-06,0.1196551,0.12003903476961167,0.0003839347696116685,0.11965511715114736,1.7151147363447805e-08
uncompensated,good_10_price_7,-0.2091962,-0.20919631437643624,-1.1437643623879445e-07,0.1614779,0.16192157753405595,0.0004436775340559418,0.16147795430972464,5.4309724634160617e-08
uncompensated,good_11_price_7,0.547233,0.5472345908445302,1.590844530219293e-06,0.3120914,0.31190347296694065,-0.0001879270330593652,0.31209147942798116,7.94279811366927e-08
uncompensated,good_12_price_7,-0.0089049,-0.008906623312564133,-1.7233125641329117e-06,0.0837212,0.08373036357911538,9.163579115387122e-06,0.08372117923306635,-2.076693364494453e-08
uncompensated,good_13_price_7,-0.0284242,-0.028423153997385125,1.0460026148746693e-06,0.0617929,0.06177994799054716,-1.295200945283792e-05,0.06179293972019263,3.9720192634984386e-08
uncompensated,good_14_price_7,-0.1855391,-0.1855384752085949,6.247914051127346e-07,0.1100485,0.11031206244877922,0.00026356244877923096,0.11004856941178742,6.941178742891907e-08
uncompensated,good_1_price_8,0.0299782,0.029978350322098172,1.5032209817189557e-07,0.034516,0.03446578671477752,-5.021328522247792e-05,0.03451605557240926,5.557240926462592e-08
uncompensated,good_2_price_8,-0.007531,-0.0075313718461273976,-3.718461273971921e-07,0.0250759,0.02507968460413804,3.784604138037939e-06,0.025075904971365148,4.9713651459337704e-09
uncompensated,good_3_price_8,-0.0194874,-0.019487605293304112,-2.052933041132854e-07,0.0497113,0.0497615762607836,5.027626078359798e-05,0.04971129192517695,-8.074823053261238e-09
uncompensated,good_4_price_8,0.1798547,0.17985487381993134,1.7381993133724905e-07,0.1496834,0.14882771550562118,-0.0008556844943788111,0.14968349029467495,9.029467495924592e-08
uncompensated,good_5_price_8,-0.0550525,-0.055051997770030434,5.022299695636723e-07,0.0525393,0.052627470750379865,8.817075037986788e-05,0.05253937578901943,7.578901943527949e-08
uncompensated,good_6_price_8,0.0189594,0.018959061553092883,-3.384469071179841e-07,0.2384833,0.2383722842411671,-0.00011101575883290526,0.23848344454576131,1.445457613047374e-07
uncompensated,good_7_price_8,0.0085171,0.008516007258210062,-1.092741789937915e-06,0.0613935,0.061374765556110114,-1.87344438898826e-05,0.06139349038684594,-9.6131540575084e-09
uncompensated,good_8_price_8,-0.8164302,-0.8164296017091948,5.982908052315494e-07,0.101451,0.10074178959079232,-0.0007092104092076834,0.1014510763480171,7.634801710287853e-08
uncompensated,good_9_price_8,0.0362146,0.03621382961820752,-7.703817924767375e-07,0.0515928,0.05151797667770922,-7.482332229077904e-05,0.05159285587504399,5.5875043987463346e-08
uncompensated,good_10_price_8,0.0458915,0.045891759213243156,2.5921324315475447e-07,0.0688953,0.06880020390251147,-9.509609748853398e-05,0.06889534079856209,4.079856208427657e-08
uncompensated,good_11_price_8,0.0163751,0.01637511002313811,1.0023138111159291e-08,0.1346616,0.1345625832657888,-9.901673421119916e-05,0.13466167414523872,7.414523872650847e-08
uncompensated,good_12_price_8,-0.0236536,-0.023653049387496756,5.506125032445075e-07,0.0360569,0.0360833880708702,2.6488070870196723e-05,0.03605693447341334,3.447341333923104e-08
uncompensated,good_13_price_8,0.0211998,0.021199630816490265,-1.6918350973643692e-07,0.0273636,0.027324132277155896,-3.946772284410191e-05,0.02736360450283593,4.5028359305088195e-09
uncompensated,good_14_price_8,-0.0209174,-0.02091763842573188,-2.384257318799321e-07,0.0478343,0.04787540262301065,4.110262301064427e-05,0.04783430268028196,2.6802819547144807e-09
uncompensated,good_1_price_9,-0.0734019,-0.07340229319721882,-3.9319721881203584e-07,0.0761952,0.07624062296371478,4.542296371477794e-05,0.07619519833297203,-1.6670279739949834e-09
uncompensated,good_2_price_9,0.0523524,0.05235294797211877,5.479721187709452e-07,0.0477163,0.04770705775928857,-9.242240711436478e-06,0.047716324973825816,2.497382581290175e-08
uncompensated,good_3_price_9,0.0741912,0.07419319462605928,1.9946260592790255e-06,0.1075558,0.10750022263408879,-5.557736591120521e-05,0.10755578946911468,-1.0530885316550886e-08
uncompensated,good_4_price_9,0.3567973,0.3568001254414199,2.8254414199402333e-06,0.3146984,0.31409364671723355,-0.0006047532827664348,0.31469847914150995,7.914150995658176e-08
uncompensated,good_5_price_9,-0.0022222,-0.0022262660163884958,-4.0660163884956475e-06,0.1093799,0.10938178513443099,1.8851344309872564e-06,0.1093799707252046,7.072520459561193e-08
uncompensated,good_6_price_9,0.3179182,0.31792020760249184,2.007602491860272e-06,0.4981094,0.4971732281310621,-0.0009361718689379073,0.4981095623872413,1.6238724132033866e-07
uncompensated,good_7_price_9,-0.2407023,-0.24069963827405802,2.6617259419881023e-06,0.1287599,0.12911494989033895,0.00035504989033893763,0.12875993329662985,3.329662984219439e-08
uncompensated,good_8_price_9,0.1084282,0.10842612597575195,-2.074024248052697e-06,0.1502723,0.15017679489642663,-9.550510357336783e-05,0.15027241653396278,1.1653396278510364e-07
uncompensated,good_9_price_9,-1.049362,-1.0493592964009497,2.70359905019113e-06,0.153497,0.1535573585033021,6.0358503302104793e-05,0.15349700859799473,8.597994732850722e-09
uncompensated,good_10_price_9,0.5928611,0.5928604346131079,-6.653868921402406e-07,0.1562306,0.15597578434469123,-0.00025481565530877104,0.15623065021404392,5.021404392291373e-08
uncompensated,good_11_price_9,0.0644165,0.06441750309876192,1.0030987619147336e-06,0.2927176,0.2925669049004715,-0.00015069509952853055,0.2927177188057091,1.1880570910394184e-07
uncompensated,good_12_price_9,-0.2740321,-0.27403324153004455,-1.1415300445460907e-06,0.0746636,0.07494567246864713,0.0002820724686471293,0.07466360613048442,6.130484425659333e-09
uncompensated,good_13_price_9,0.0213206,0.021321632768435114,1.0327684351156552e-06,0.0586607,0.05865835600724849,-2.343992751514812e-06,0.05866075587909593,5.587909592680296e-08
uncompensated,good_14_price_9,0.1617313,0.16173317449126778,1.8744912677892689e-06,0.1001238,0.10004582560964309,-7.797439035690801e-05,0.10012379498188893,-5.018111065568931e-09
uncompensated,good_1_price_10,-0.0009905,-0.0009919583690598118,-1.4583690598117625e-06,0.1013392,0.10133933906008273,1.3906008272668302e-07,0.10133926266903763,6.266903762597309e-08
uncompensated,good_2_price_10,-0.2240141,-0.22401319256579516,9.074342048331907e-07,0.0713867,0.07138283327040204,-3.866729597956642e-06,0.07138671091680591,1.0916805917582373e-08
uncompensated,good_3_price_10,0.2275895,0.22759103626502164,1.5362650216399487e-06,0.1473976,0.14743407428991837,3.6474289918375646e-05,0.14739761765440396,1.7654403966504972e-08
uncompensated,good_4_price_10,-0.3596378,-0.3596348487527358,2.9512472641823884e-06,0.477077,0.47750879745148966,0.0004317974514896905,0.4770771039392821,1.03939282125598e-07
uncompensated,good_5_price_10,0.397219,0.3972155759878073,-3.4240121926654155e-06,0.1745755,0.17456441214021132,-1.1087859788677656e-05,0.17457558359678002,8.359678002611837e-08
uncompensated,good_6_price_10,0.3433454,0.3433345808861565,-1.081911384354095e-05,0.8752907,0.8754019383646251,0.00011123836462512138,0.8752910264181794,3.264181793749543e-07
uncompensated,good_7_price_10,-0.2093947,-0.20939485490475235,-1.549047523585756e-07,0.1966139,0.19676084248141834,0.00014694248141833288,0.19661393960763004,3.960763003685308e-08
uncompensated,good_8_price_10,0.1527227,0.15272350833860748,8.083386074941856e-07,0.2270692,0.22712242295874474,5.322295874474192e-05,0.2270693443648524,1.4436485240576502e-07
uncompensated,good_9_price_10,0.6689869,0.6689860622716453,-8.377283547966741e-07,0.1767805,0.17729176529070706,0.0005112652907070525,0.17678058552922854,8.552922853288791e-08
uncompensated,good_10_price_10,-0.9286519,-0.9286561519423341,-4.2519423341103035e-06,0.3174159,0.31740416621538176,-1.1733784618217502e-05,0.31741604678105817,1.4678105819676546e-07
uncompensated,good_11_price_10,0.2061411,0.20613859225431144,-2.5077456885513882e-06,0.4052846,0.40533027817969564,4.56781796956407e-05,0.4052847567953392,1.5679533921231226e-07
uncompensated,good_12_price_10,-0.3665612,-0.36655858368855987,2.6163114401067666e-06,0.1147191,0.11488794815393998,0.0001688481539399711,0.11471912856912982,2.856912981186177e-08
uncompensated,good_13_price_10,-0.2013069,-0.20130562679249508,1.2732075049259883e-06,0.0763053,0.07639875264718601,9.345264718600699e-05,0.07630537433271176,7.4332711749725e-08
uncompensated,good_14_price_10,0.519738,0.5197371938072705,-8.061927295743843e-07,0.1485963,0.14870341472337895,0.00010711472337895933,0.14859629888216183,-1.117838155373363e-09
uncompensated,good_1_price_11,-0.0195198,-0.019519995258107787,-1.9525810778658892e-07,0.0283791,0.028391944226329298,1.284422632929702e-05,0.028379141037281407,4.10372814063642e-08
uncompensated,good_2_price_11,0.0483296,0.04832958168882067,-1.8311179329766336e-08,0.0179069,0.017895790941599442,-1.1109058400557426e-05,0.017906883538957984,-1.646104201558085e-08
uncompensated,good_3_price_11,-0.0526369,-0.05263632328997404,5.76710025963767e-07,0.0411629,0.04122726263747502,6.436263747501558e-05,0.04116286187309636,-3.812690364118909e-08
uncompensated,good_4_price_11,-0.0199225,-0.019921530368051114,9.69631948885552e-07,0.1215283,0.12159552431681848,6.722431681847885e-05,0.12152834241211527,4.2412115264234274e-08
uncompensated,good_5_price_11,-0.0344707,-0.03447117526791267,-4.752679126709958e-07,0.0393532,0.039388274007168995,3.5074007168997556e-05,0.03935323380978925,3.380978925299205e-08
uncompensated,good_6_price_11,0.005469,0.005467765055665479,-1.2349443345213013e-06,0.1792276,0.17921205405210594,-1.554594789404673e-05,0.17922765749120773,5.749120773890226e-08
uncompensated,good_7_price_11,0.0932593,0.09325949270803104,1.9270803103266232e-07,0.0485669,0.04851997033484796,-4.692966515204566e-05,0.04856689771532113,-2.2846788697017395e-09
uncompensated,good_8_price_11,0.0094045,0.009404525132722887,2.513272288721946e-08,0.0567334,0.056721777378164924,-1.1622621835079283e-05,0.05673342493483182,2.493483181736922e-08
uncompensated,good_9_price_11,0.0113965,0.011396672092701916,1.7209270191526072e-07,0.04234,0.04232763389089173,-1.2366109108270795e-05,0.04233999068059448,-9.319405525065605e-09
uncompensated,good_10_price_11,0.0286683,0.028667935667993222,-3.643320067789335e-07,0.0518119,0.05177882327272515,-3.307672727485139e-05,0.05181195070354166,5.070354165692681e-08
uncompensated,good_11_price_11,-1.226287,-1.2262873324588153,-3.3245881536636546e-07,0.1568431,0.15804807425796952,0.0012049742579695044,0.15684318107318485,8.107318483219217e-08
uncompensated,good_12_price_11,-0.0296682,-0.029668175530556843,2.4469443155733517e-08,0.0268717,0.026895266553108896,2.356655310889813e-05,0.026871689303569517,-1.0696430480933161e-08
uncompensated,good_13_price_11,-0.0267847,-0.02678468740282116,1.259717884172229e-08,0.0225943,0.02260820298569419,1.390298569418913e-05,0.02259428977907626,-1.022092374278194e-08
uncompensated,good_14_price_11,0.0163483,0.01634858300770605,2.8300770605130254e-07,0.0373951,0.03738214401555783,-1.2955984442168667e-05,0.03739515572744671,5.572744671278329e-08
uncompensated,good_1_price_12,-0.4167259,-0.4167198289227482,6.071077251756929e-06,0.1811055,0.18062572464897883,-0.0004797753510211722,0.1811055835173943,8.351739430589866e-08
uncompensated,good_2_price_12,-0.1075212,-0.1075215920501922,-3.920501921994557e-07,0.120407,0.12030956902061951,-9.743097938048895e-05,0.1204070370396355,3.7039635497615464e-08
uncompensated,good_3_price_12,0.4857693,0.48575401990170947,-1.528009829054877e-05,0.2576793,0.258714508384835,0.0010352083848350069,0.2576794171857602,1.1718576020669502e-07
uncompensated,good_4_price_12,-0.4328224,-0.4328346393599488,-1.2239359948817974e-05,0.7787851,0.7770221195332526,-0.001762980466747388,0.7787852384996719,1.3849967184231815e-07
uncompensated,good_5_price_12,-0.6927264,-0.692693571010693,3.282898930700995e-05,0.2943755,0.2938194359910715,-0.0005560640089284918,0.29437579018627996,2.9018627994981117e-07
uncompensated,good_6_price_12,-2.816871,-2.8168571099091566,1.3890090843293734e-05,1.305869,1.297550474795214,-0.008318525204785931,1.3058692313214555,2.3132145554605188e-07
uncompensated,good_7_price_12,0.1313571,0.1313501922185546,-6.907781445408823e-06,0.3316466,0.3319699602606909,0.00032336026069090806,0.331646583090149,-1.6909851019430988e-08
uncompensated,good_8_price_12,-0.2295216,-0.22951551553898666,6.084461013328157e-06,0.38666,0.38628754142449123,-0.0003724585755087717,0.38666019952147723,1.9952147722879232e-07
uncompensated,good_9_price_12,-0.9957705,-0.9957747305603181,-4.230560318063681e-06,0.2748519,0.2734830024760909,-0.0013688975239090628,0.2748520106114986,1.1061149862712227e-07
uncompensated,good_10_price_12,-1.173522,-1.1735130292716343,8.970728365698122e-06,0.3732104,0.37164415860627426,-0.0015662413937257424,0.3732106708507416,2.7085074161270484e-07
uncompensated,good_11_price_12,-0.7948835,-0.7948820426195508,1.4573804492101772e-06,0.6839605,0.6809617157096161,-0.0029987842903839157,0.6839608161466657,3.1614666573531736e-07
uncompensated,good_12_price_12,-0.0135733,-0.013583249996889757,-9.949996889756924e-06,0.2498527,0.25152951863500256,0.0016768186350025471,0.24985284593810414,1.4593810412910635e-07
uncompensated,good_13_price_12,0.6326404,0.6326361243026047,-4.275697395250688e-06,0.1384315,0.13992249389049816,0.0014909938904981435,0.13843157141789045,7.141789043485502e-08
uncompensated,good_14_price_12,0.0181083,0.018101218149735438,-7.081850264562678e-06,0.2456323,0.24565647115819658,2.417115819658422e-05,0.24563233077770097,3.0777700971151845e-08
uncompensated,good_1_price_13,-0.1969195,-0.19691858409760188,9.159023981186731e-07,0.0581552,0.05871169046133383,0.000556490461333832,0.05815520843355956,8.43355956597902e-09
uncompensated,good_2_price_13,0.0351097,0.03510995914834221,2.591483422090257e-07,0.031773,0.031717812573882204,-5.518742611779898e-05,0.031773018471054494,1.8471054491486782e-08
uncompensated,good_3_price_13,-0.2441518,-0.24415257050603287,-7.705060328655478e-07,0.0733236,0.07431329873244444,0.0009896987324444356,0.07332356784770441,-3.21522955898379e-08
uncompensated,good_4_price_13,-0.2945294,-0.29453194183392584,-2.5418339258398426e-06,0.1933488,0.19630187529376397,0.002953075293763985,0.19334887116650806,7.116650807548197e-08
uncompensated,good_5_price_13,-0.014712,-0.014710455782158599,1.544217841400325e-06,0.0692892,0.06932976529915291,4.056529915291707e-05,0.06928922219838218,2.2198382187976762e-08
uncompensated,good_6_price_13,-0.2157256,-0.2157246284548802,9.715451197989111e-07,0.2651033,0.2673397961751086,0.0022364961751086265,0.265103440277213,1.4027721301212992e-07
uncompensated,good_7_price_13,0.0002431,0.0002444832625852046,1.383262585204594e-06,0.0813236,0.08132268477711152,-9.152228884756752e-07,0.0813236460016435,4.600164350831992e-08
uncompensated,good_8_price_13,0.0659038,0.06590312437876031,-6.756212396902272e-07,0.0975172,0.09721294411541048,-0.000304255884589516,0.09751722841976336,2.8419763362097505e-08
uncompensated,good_9_price_13,0.0127978,0.012798988763682415,1.188763682415106e-06,0.071768,0.07172772872437107,-4.027127562893085e-05,0.07176798228002784,-1.7719972156271524e-08
uncompensated,good_10_price_13,-0.2291012,-0.22909979705013128,1.4029498687229136e-06,0.0825269,0.08343759112086425,0.0009106911208642543,0.08252694431229822,4.431229821966198e-08
uncompensated,good_11_price_13,-0.2576039,-0.2576039726984388,-7.269843882440341e-08,0.1911477,0.19391501322532068,0.0027673132253206723,0.1911477700085957,7.00085956983898e-08
uncompensated,good_12_price_13,0.1926218,0.19262038008830723,-1.4199116927793298e-06,0.0460003,0.04561708035478201,-0.00038321964521799423,0.04600033482032031,3.4820320307660246e-08
uncompensated,good_13_price_13,-1.084805,-1.0848052558789973,-2.558789973239328e-07,0.0661193,0.06641178020811409,0.00029248020811407927,0.06611935253338151,5.253338150601472e-08
uncompensated,good_14_price_13,0.0940502,0.09404942037307037,-7.79626929625632e-07,0.0615403,0.06129181685855428,-0.000248483141445717,0.061540273764124534,-2.623587546518591e-08
uncompensated,good_1_price_14,-0.1091205,-0.10911894865470448,1.551345295516815e-06,0.09765,0.09762030672158839,-2.9693278411610513e-05,0.09765002603684204,2.6036842043497543e-08
uncompensated,good_2_price_14,-0.0760853,-0.07608469270282273,6.072971772685953e-07,0.0689161,0.06887496713962256,-4.113286037743524e-05,0.06891608159204028,-1.8407959712085642e-08
uncompensated,good_3_price_14,-0.0357769,-0.03577665026461962,2.497353803823654e-07,0.1425812,0.14256304991813268,-1.815008186731304e-05,0.14258126228121074,6.228121074425275e-08
uncompensated,good_4_price_14,-0.4290584,-0.42906115659795757,-2.756597957564999e-06,0.437982,0.4372632329957715,-0.00071876700422846,0.43798216383761057,1.6383761058946789e-07
uncompensated,good_5_price_14,-0.5379064,-0.5379027642838752,3.635716124827937e-06,0.1556974,0.15545320642266006,-0.0002441935773399573,0.15569748295254693,8.295254691481624e-08
uncompensated,good_6_price_14,-1.08768,-1.087681420891247,-1.420891247105871e-06,0.6895391,0.6863616129970537,-0.0031774870029462887,0.6895393670869866,2.6708698663835406e-07
uncompensated,good_7_price_14,-0.2411147,-0.2411137329901833,9.670098166936203e-07,0.1789971,0.1787497127709763,-0.00024738722902370447,0.17899713675843715,3.675843715522653e-08
uncompensated,good_8_price_14,-0.0899754,-0.0899764517580227,-1.0517580227020762e-06,0.2106059,0.2105002288729528,-0.00010567112704720771,0.21060594662156226,4.662156224966019e-08
uncompensated,good_9_price_14,0.2421213,0.2421241118511345,2.811851134487675e-06,0.151351,0.15155638493501508,0.00020538493501506827,0.1513510010634303,1.0634302882728264e-09
uncompensated,good_10_price_14,0.6944329,0.6944318005459734,-1.0994540265985009e-06,0.1985098,0.19966645536917085,0.001156655369170867,0.19850981847702134,1.8477021357377055e-08
uncompensated,good_11_price_14,0.1467688,0.1467712709399014,2.470939901383362e-06,0.3907855,0.39109272062337636,0.0003072206233763475,0.39078565563072926,1.5563072924829058e-07
uncompensated,good_12_price_14,-0.0003687,-0.00037160904009479544,-2.909040094795426e-06,0.1008622,0.10086209561290249,-1.0438709750759667e-07,0.10086222303342927,2.3033429275010064e-08
uncompensated,good_13_price_14,0.1301975,0.13019668068736587,-8.193126341260459e-07,0.0760206,0.07606246632448871,4.186632448871519e-05,0.07602062446666671,2.4466666720401875e-08
uncompensated,good_14_price_14,-0.5180015,-0.5180023281949604,-8.28194960389439e-07,0.19438,0.1949720539957077,0.000592053995707692,0.19438007372522603,7.372522603521503e-08
