name,estimate,se,analytic_se
alpha:alpha_1,0.21031288858924965,0.039808623925915325,0.022220029834399548
alpha:alpha_2,0.9813039691829964,0.31276091584805243,0.025442747519969243
alpha:alpha_3,-0.3200991174125396,0.16412786675767374,0.030357603626167382
alpha:alpha_4,-0.06650303341873638,0.052338483161534326,0.03299511741388031
alpha:alpha_5,0.19491713351359302,0.08773863126659488,0.04882030830449502
alpha:alpha_6,-0.1229192604776286,0.09806397639300309,0.02406336826144002
alpha:alpha_7,0.38751798885760846,0.19862217113478417,0.024808656579950437
alpha:alpha_8,0.2215938817114559,0.052989892818906696,0.014134102918933926
alpha:alpha_9,-0.4085415508181148,0.1389004237345406,0.03205666577997437
alpha:alpha_10,-0.046892915770547626,0.06855436140964621,0.036073208839813235
alpha:alpha_11,-0.1680834929347822,0.07400559100648829,0.021272852603081174
alpha:alpha_12,-0.20852900772971492,0.2919507601896622,0.04283819432648916
alpha:alpha_13,0.6804800062924647,0.05575762443714216,0.021331621370781362
alpha:alpha_14,-0.4095333217482584,0.07558688536453953,0.030644433322973265
Gamma:gamma_1_1,-0.0024795969161468963,0.019159679759111516,0.008214728645910396
Gamma:gamma_1_2,0.10820409947707893,0.030497505606440996,0.006084668935697274
Gamma:gamma_1_3,-0.027807007803654856,0.014080496763648784,0.008539742393536748
Gamma:gamma_1_4,0.003462381766024279,0.03159841591440382,0.008424642502683639
Gamma:gamma_1_5,-0.03251284530430648,0.013474605273765646,0.012188302913578756
Gamma:gamma_1_6,-0.004044564916857187,0.017280118175060234,0.006188694855455325
Gamma:gamma_1_7,0.021686576198577265,0.03355261436130204,0.006072149123546816
Gamma:gamma_1_8,-0.0004941932014856438,0.012173002399555016,0.0036998003279235265
Gamma:gamma_1_9,-0.026653543560060573,0.012463873226753486,0.008331911984284596
Gamma:gamma_1_10,0.013461723579624349,0.037624446343998925,0.009780614349125725
Gamma:gamma_1_11,-0.007133887002546949,0.0222973120757743,0.005553989411347823
Gamma:gamma_1_12,-0.047719855538260116,0.018635437094520806,0.010525721779738333
Gamma:gamma_1_13,0.05674218555542756,0.00436016483325605,0.00533234121415932
Gamma:gamma_1_14,-0.041400494032892504,0.007146368445024609,0.008666191050804814
Gamma:gamma_2_2,0.15234855132031197,0.059980197031557,0.013555295592317254
Gamma:gamma_2_3,-0.08476775113993579,0.032220632784505134,0.009332708843483454
Gamma:gamma_2_4,-0.03861392359055624,0.048265949560998465,0.009239577836198066
Gamma:gamma_2_5,0.3009628836617313,0.15055335815498255,0.01630836176769526
Gamma:gamma_2_6,-0.052752298473392356,0.08077464302566219,0.007745184457694232
Gamma:gamma_2_7,-0.06708469871413249,0.06799456930442577,0.008276151842670252
Gamma:gamma_2_8,0.019513201581205026,0.02703738073537895,0.00461751206849735
Gamma:gamma_2_9,-0.097203769397218,0.09402156359430425,0.009558228869684137
Gamma:gamma_2_10,-0.10293313110487338,0.037790183288684005,0.01234029508540657
Gamma:gamma_2_11,0.00418152045685754,0.019326630661923156,0.004809967705300003
Gamma:gamma_2_12,-0.23503457729425167,0.13517474241315675,0.013793882968863563
Gamma:gamma_2_13,0.10665324763563924,0.024001841355615193,0.005647690181913433
Gamma:gamma_2_14,0.04181496717716403,0.07715270516462792,0.011687126059414746
Gamma:gamma_3_3,0.04092597442375777,0.04921296654344663,0.01623718614552641
Gamma:gamma_3_4,-0.00852603179331785,0.05284194829343004,0.010744439715217071
Gamma:gamma_3_5,-0.007348357152292432,0.0049947069145751585,0.01653091415324247
Gamma:gamma_3_6,0.05421042276193409,0.015312723274074068,0.008726326258943621
Gamma:gamma_3_7,-0.06751170039324815,0.018627018567005334,0.008856460719562679
Gamma:gamma_3_8,-0.0020550038683376476,0.009635627655729692,0.005085156747273792
Gamma:gamma_3_9,-0.00824644671750161,0.04149319039387892,0.011950853712148898
Gamma:gamma_3_10,-0.033495407275687644,0.07230119739183469,0.0134140768879117
Gamma:gamma_3_11,0.012252917494213277,0.014653251850035229,0.0065590392603573616
Gamma:gamma_3_12,0.1347504597128187,0.03615977411706339,0.014492989017030559
Gamma:gamma_3_13,-0.05887746465740759,0.013757462826107137,0.006644393397350035
Gamma:gamma_3_14,-0.001462991750366926,0.02617179012779954,0.013426822069820696
Gamma:gamma_4_4,-0.05488143075785979,0.023210710245418036,0.0157675685371955
Gamma:gamma_4_5,0.05871747085662239,0.021250850186790703,0.015243820276990326
Gamma:gamma_4_6,-0.05344642753318251,0.021937781279564604,0.010328434639047762
Gamma:gamma_4_7,-0.02141093416529667,0.01401199636749908,0.008665080771133487
Gamma:gamma_4_8,-0.005108725301242863,0.013189573243029726,0.0049477278041326405
Gamma:gamma_4_9,0.031099189127857356,0.036392192008311605,0.011012543190663453
Gamma:gamma_4_10,0.0602081834574671,0.04859831229313759,0.012996421507777757
Gamma:gamma_4_11,0.05186111988794554,0.012881824412409697,0.009261996694424417
Gamma:gamma_4_12,0.013763079077234801,0.04053439865661262,0.013472330974777789
Gamma:gamma_4_13,-0.0013478250228971121,0.011065347809781153,0.006494779873879803
Gamma:gamma_4_14,-0.026767491276460147,0.02841874144325516,0.012393193576752008
Gamma:gamma_5_5,-0.17970125421561198,0.15839325415787436,0.04441804940543317
Gamma:gamma_5_6,0.0012458205772133996,0.06069501258765708,0.012883605475765766
Gamma:gamma_5_7,0.20593385358867597,0.07332045909235402,0.014877896944702393
Gamma:gamma_5_8,-0.010994792334307243,0.05125606149644563,0.007494999190211108
Gamma:gamma_5_9,-0.09668220822187303,0.041830074708427395,0.01710718259467919
Gamma:gamma_5_10,0.008959467089348756,0.05154679987003851,0.022890179770488468
Gamma:gamma_5_11,-0.04823529032045733,0.02857985870911938,0.00702683658370585
Gamma:gamma_5_12,-0.08789495693627904,0.20276328475502006,0.03282880451775563
Gamma:gamma_5_13,0.024441223518100415,0.03799482767855788,0.009997814013461817
Gamma:gamma_5_14,-0.2322511680491176,0.13538424234013385,0.0202333678038772
Gamma:gamma_6_6,0.03007876151332067,0.04125011857979181,0.009858481316879403
Gamma:gamma_6_7,-0.04291356939724897,0.06463451352534164,0.007453769053575539
Gamma:gamma_6_8,-0.005712592798606471,0.008052660723593853,0.00408259435924054
Gamma:gamma_6_9,-0.028417653806584543,0.04043161848871322,0.008740554020217983
Gamma:gamma_6_10,0.09459123966073918,0.058948709846126775,0.010906890558219518
Gamma:gamma_6_11,0.0074215758289582125,0.0012651849177991367,0.004247200057599078
Gamma:gamma_6_12,0.04028631544573812,0.10428365018171976,0.0113155681894424
Gamma:gamma_6_13,-0.015845727274361895,0.013352046342491864,0.005172587910783774
Gamma:gamma_6_14,-0.0035414374292323967,0.05706280213170271,0.010437595773395623
Gamma:gamma_7_7,-0.09366166078774711,0.08196866138824052,0.010922142570116205
Gamma:gamma_7_8,0.03623607686559769,0.013275001553861042,0.0040802169276534786
Gamma:gamma_7_9,-0.023844035718803062,0.010636072007206076,0.008841241121750727
Gamma:gamma_7_10,-0.05300400949611313,0.03828712491951217,0.011614281271560358
Gamma:gamma_7_11,0.004412862518248324,0.014387314922676562,0.00445951285024165
Gamma:gamma_7_12,0.10532449782410487,0.0842290687218378,0.013043479789821072
Gamma:gamma_7_13,0.05186758658762701,0.013645946429053014,0.005084131215477071
Gamma:gamma_7_14,0.0218581477928524,0.06662608838599371,0.01039346737829422
Gamma:gamma_8_8,0.015127401727077312,0.00984979044309622,0.0037180221061033944
Gamma:gamma_8_9,0.02120983770115169,0.01999107781836405,0.004920051736626725
Gamma:gamma_8_10,-0.017040820672575188,0.003978662652040194,0.006042466437547833
Gamma:gamma_8_11,0.0018588185685419869,0.009565326412078872,0.0028765231449428426
Gamma:gamma_8_12,-0.013518019377021202,0.019340713296428166,0.006103851302457862
Gamma:gamma_8_13,0.01800447479624726,0.012832864902696,0.0033147938130614293
Gamma:gamma_8_14,-0.03571104647252024,0.010657851531853826,0.005950448345804012
Gamma:gamma_9_9,0.01959421095084875,0.028667600895646916,0.015951338032072663
Gamma:gamma_9_10,0.02136154185038896,0.06936158130627867,0.016128375280738752
Gamma:gamma_9_11,-0.012661295823766641,0.01714911577978226,0.006148343993976755
Gamma:gamma_9_12,0.07859242725304376,0.06026541067510921,0.01566271734029687
Gamma:gamma_9_13,-0.030105987614993238,0.007465461095294074,0.006523123005892141
Gamma:gamma_9_14,0.0788631269464589,0.030794507270673593,0.013291056654436566
Gamma:gamma_10_10,0.10854175590922337,0.05651390815892028,0.0257358574396752
Gamma:gamma_10_11,0.007363781217044607,0.011471835466725618,0.006322386874932258
Gamma:gamma_10_12,-0.2045929537709493,0.09348112480627895,0.022347932159482144
Gamma:gamma_10_13,-0.0029841205084287278,0.026900480985562154,0.0074818526972498444
Gamma:gamma_10_14,0.08395070889098287,0.05319034063012744,0.017061013502760937
Gamma:gamma_11_11,-0.05761061737422113,0.020830637833389343,0.008455629795731294
Gamma:gamma_11_12,-0.024320433084703823,0.02688477924910971,0.006529940675498262
Gamma:gamma_11_13,-0.024532599318117115,0.013879448375470378,0.0041973657926534375
Gamma:gamma_11_14,0.03228557583718041,0.030133587239679852,0.006238967777259792
Gamma:gamma_12_12,0.16929299153622945,0.33134093428757483,0.03691682074902074
Gamma:gamma_12_13,-0.12722704958756625,0.02123679975179486,0.007797772882526278
Gamma:gamma_12_14,0.03680897690311959,0.0387992816429084,0.01907976854945286
Gamma:gamma_13_13,0.08278865550228005,0.021183064847045033,0.007082207063530485
Gamma:gamma_13_14,-0.02400536886351029,0.04350555512007676,0.006995758499418409
Gamma:gamma_14_14,-0.0004838022230215811,0.09357329075875337,0.02271968463481365
Nu:nu_npersonas_1,-0.029245814413748728,0.07933541221040738,0.00877576320272911
Nu:nu_npersonas_2,-0.002687335445994111,0.05829081109880078,0.005086247776338503
Nu:nu_npersonas_3,0.023270699493977542,0.020323451996109625,0.0027363457959965133
Nu:nu_npersonas_4,-0.006130979148646127,0.017874115152956404,0.003331459199377278
Nu:nu_npersonas_5,-0.05797246928805561,0.08613790029093747,0.012652687086782233
Nu:nu_npersonas_6,0.040479270525371765,0.054310428294710784,0.007852176884998452
Nu:nu_npersonas_7,-0.1174825836861846,0.06997879578654194,0.017236823475982023
Nu:nu_npersonas_8,-0.049909961005093,0.013580932896948141,0.004624032051334634
Nu:nu_npersonas_9,0.009182496189121814,0.03188638406120572,0.0038307194585444886
Nu:nu_npersonas_10,-0.013075396466735183,0.04114295380721894,0.003716652162070432
Nu:nu_npersonas_11,-0.0031741835649300647,0.0016404711223716429,0.0009213031046753414
Nu:nu_npersonas_12,0.0512572196430635,0.029488725443048616,0.004207455909787048
Nu:nu_npersonas_13,-0.04356942343771413,0.020509338289301432,0.004531321644611343
Nu:nu_npersonas_14,0.04605292203458362,0.04394396158168912,0.005462249088942295
Nu:nu_edad_1,-0.003830070323883528,0.004652252216265318,0.0009339512435889763
Nu:nu_edad_2,0.0029466909278896614,0.011616911441372819,0.0002514652832704598
Nu:nu_edad_3,0.002095597962653526,0.0006877896995095311,0.00023922277813635324
Nu:nu_edad_4,-0.0013256486338129616,0.0002086010404185968,0.0003060758214452029
Nu:nu_edad_5,-0.0006030315447537688,0.0034931400974838656,0.0008444724692897896
Nu:nu_edad_6,-0.0018082663524221687,0.002896238320239532,0.0006295536717963303
Nu:nu_edad_7,0.0014447328541382014,0.01012617703532691,0.0012194217296903973
Nu:nu_edad_8,-0.00360731207643592,0.0008976032310869811,0.00027676524472809656
Nu:nu_edad_9,0.0024752848897831464,0.001258142054710904,0.00026794516233634826
Nu:nu_edad_10,-0.0029262372542156255,0.0028156980547656024,0.0002774501461869606
Nu:nu_edad_11,-6.241059497208918e-05,0.00028855768335712734,7.869838990928697e-05
Nu:nu_edad_12,0.009959988550956242,0.0033663590994515314,0.0003275782961175641
Nu:nu_edad_13,-0.0020602087057334443,0.006079936946866769,0.0003573608174753755
Nu:nu_edad_14,0.0037710501417176825,0.0023557521826511013,0.0003958943723702429
Nu:nu_Sex_1,-0.01400095849250582,0.09485630126260895,0.021574697937086145
Nu:nu_Sex_2,-0.11097160588891812,0.09197847039193982,0.01032731394851861
Nu:nu_Sex_3,-0.014816801715985813,0.016666919438957407,0.006908791446064906
Nu:nu_Sex_4,-0.02469521839617541,0.04472035157248992,0.007976802422550684
Nu:nu_Sex_5,-0.22509186598038788,0.11921169438367966,0.022836499945247533
Nu:nu_Sex_6,-0.0015884701709497583,0.09173736927192819,0.018161253597642688
Nu:nu_Sex_7,-0.6956932186192071,0.9550671561159813,0.03711262519405747
Nu:nu_Sex_8,-0.02675585519417038,0.034287228132767515,0.01023470410547667
Nu:nu_Sex_9,0.04354377918540618,0.027362663514905232,0.009000119639078782
Nu:nu_Sex_10,0.027803376441404768,0.050624951474264795,0.00991091452662452
Nu:nu_Sex_11,0.004466231064557887,0.006344269066519702,0.0019231084506542357
Nu:nu_Sex_12,0.03944915374491986,0.039129349701521786,0.008888194850832141
Nu:nu_Sex_13,-0.07260417115325173,0.0588132093229149,0.01131813244443773
Nu:nu_Sex_14,0.08613030198171816,0.046578333092819765,0.012800335094413664
Nu:nu_prim_comp_1,-0.1657442524740489,0.013031466365107004,0.029567352802499103
Nu:nu_prim_comp_2,0.16722491686470353,0.10310741874414638,0.013043182999777312
Nu:nu_prim_comp_3,0.0016451056578163181,0.03617821857429515,0.009364377109413192
Nu:nu_prim_comp_4,0.026562383864991344,0.039275389554374984,0.009566425220646185
Nu:nu_prim_comp_5,0.09056404268856685,0.2304843300701905,0.03132610495197467
Nu:nu_prim_comp_6,0.03880030081619252,0.15703034631303583,0.02388826197056094
Nu:nu_prim_comp_7,0.2183307459070564,0.2723715672849581,0.04834194731522598
Nu:nu_prim_comp_8,-0.019071336240319564,0.03809116934311162,0.014865346982371212
Nu:nu_prim_comp_9,-0.019409740830245832,0.020555180660031817,0.011708578493107798
Nu:nu_prim_comp_10,0.030799504166262887,0.030718909275323197,0.012305089895752594
Nu:nu_prim_comp_11,0.015920055108865176,0.005746347713254103,0.0024164935281319063
Nu:nu_prim_comp_12,0.07844238753343089,0.1239702231857542,0.015220662472945876
Nu:nu_prim_comp_13,0.02025185530265224,0.05797927684160965,0.014950863404380859
Nu:nu_prim_comp_14,0.0004166959202918441,0.05919494871504361,0.01795892728589936
Nu:nu_sec_comp_1,0.027314319326185773,0.12835326571721106,0.0401771532243166
Nu:nu_sec_comp_2,-0.2845906739940678,0.015083584615601109,0.02121253731404185
Nu:nu_sec_comp_3,-0.07143897492871917,0.0332221929574185,0.012162469995888513
Nu:nu_sec_comp_4,0.01730064719843765,0.06117890772904458,0.014618769049880952
Nu:nu_sec_comp_5,-0.17991685914162645,0.2550141867691275,0.043414630746389925
Nu:nu_sec_comp_6,-0.07436374599137272,0.3083823025390077,0.034165333326662196
Nu:nu_sec_comp_7,0.7661825546131864,0.3996925630884873,0.07516748106163683
Nu:nu_sec_comp_8,-0.0347324775118574,0.027194643951827108,0.018571303379784833
Nu:nu_sec_comp_9,0.050876760400887316,0.028855229954087885,0.015874116714508356
Nu:nu_sec_comp_10,-0.036730848705083675,0.058577979145804863,0.016472441156327632
Nu:nu_sec_comp_11,0.011574921894991166,0.010234970995874585,0.00361250600313554
Nu:nu_sec_comp_12,-0.1895468676224419,0.11322113654867816,0.019544640057736696
Nu:nu_sec_comp_13,0.22475320563569795,0.07960697965865447,0.02143396093407106
Nu:nu_sec_comp_14,-0.02956620891532225,0.0994779323885745,0.02262978795393089
Nu:nu_sup_comp_1,0.20788320048551429,0.04327932227602652,0.0749746828566019
Nu:nu_sup_comp_2,0.1377722906930816,0.16727711048434105,0.02678604471845599
Nu:nu_sup_comp_3,-0.040870268606097625,0.10366219019562768,0.01759557116560422
Nu:nu_sup_comp_4,0.0011522480262000354,0.08862713543616398,0.026172926877178627
Nu:nu_sup_comp_5,0.38358842400964005,0.21668886730337183,0.06474982770654483
Nu:nu_sup_comp_6,-0.19321448105629593,0.2426974225779203,0.05575120792859693
Nu:nu_sup_comp_7,1.1289846187194787,0.47496540628453116,0.11976272242607011
Nu:nu_sup_comp_8,0.12815135511236408,0.06932275321908236,0.025117386051522063
Nu:nu_sup_comp_9,0.24535299251322323,0.059563617825340615,0.022568531656841896
Nu:nu_sup_comp_10,0.02297566450440449,0.1395628259842131,0.022315494608530523
Nu:nu_sup_comp_11,0.002026241136260447,0.01994825454415576,0.00650971917858191
Nu:nu_sup_comp_12,0.009657376373529838,0.23795330771519874,0.03075653442967013
Nu:nu_sup_comp_13,0.0003334599981175372,0.15285583817478798,0.04128126120049198
Nu:nu_sup_comp_14,-0.1608406263556384,0.11190612550664861,0.03364914956192994
Nu:nu_log_ing_1,0.059395279641100515,0.015141578557229246,0.0068672347121938255
Nu:nu_log_ing_2,-0.031188609447854964,0.04818444600839125,0.0024716828122002487
Nu:nu_log_ing_3,0.002129098824674549,0.0149010735900209,0.002002856072115606
Nu:nu_log_ing_4,-0.0033945372137200126,0.010795382793906214,0.0022974192796888417
Nu:nu_log_ing_5,0.20292347758701243,0.056850623122773405,0.008204822365595357
Nu:nu_log_ing_6,-0.03792738280591787,0.027173847138755362,0.004647163015612305
Nu:nu_log_ing_7,0.07935651951135161,0.13190029251811894,0.00950800055993006
Nu:nu_log_ing_8,0.028476424717952763,0.007846318443356396,0.0022714192609057686
Nu:nu_log_ing_9,-0.027261543241713582,0.02497459230403674,0.002374389546337849
Nu:nu_log_ing_10,0.0036366705288826792,0.02040955360072529,0.002458717823558051
Nu:nu_log_ing_11,0.0005830824218879899,0.0021611767377628295,0.000635216631279921
Nu:nu_log_ing_12,-0.07249273350707139,0.02635358226543967,0.002774481602959017
Nu:nu_log_ing_13,0.022653901108673335,0.020696378529806728,0.002938079642216794
Nu:nu_log_ing_14,-0.04817201841840912,0.017845793635514137,0.0035092227239635434
delta:delta_1,0.06755984368353618,0.019607711367708093,0.005474284987994971
delta:delta_2,0.4247574322240907,0.04196187170957412,0.007358101358236316
delta:delta_3,0.0014766429684702827,0.028050164314461973,0.005067933549646345
delta:delta_4,0.07220479998481613,0.009046266362451878,0.005203016996971075
delta:delta_5,0.13307905430985945,0.015456194194345104,0.007847858022063427
delta:delta_6,0.042095193254869843,0.026316614484216506,0.004348614273134385
delta:delta_7,-0.01587503944250964,0.01258512257330045,0.0029868505791111515
delta:delta_8,-0.07565510929120746,0.013697969047331608,0.005252809373029004
delta:delta_9,0.1518390809297282,0.04650110413867701,0.0060129863919670306
delta:delta_10,0.04214191179144992,0.006537484142487886,0.0048734059339216075
delta:delta_11,0.026974171539862063,0.002499633679137631,0.003980002698062191
delta:delta_12,0.1778867095710974,0.02678223479692264,0.0045541654542687665
delta:delta_13,-0.08455431610014502,0.03603372740336188,0.005435877860162897
delta:delta_14,0.1865413376551559,0.04366053149392502,0.005182030914327338
tau:p1_1,-0.13056113283803744,0.0207365776906729,0.1723903188298903
tau:p2_1,-0.07102634151297622,0.2097289042550926,0.36368529495497426
tau:p3_1,0.3157774310517891,0.3672871090194218,0.23614225995702834
tau:p4_1,0.2361815933476542,0.1189985195786403,0.21373253861175953
tau:p5_1,-1.821882650549955,0.40742229206304575,0.612116719953714
tau:p6_1,-0.03551981091301271,0.23850822428045215,0.24212240190019702
tau:p7_1,0.10934162467695113,0.32429796492171414,0.2896677894242132
tau:p8_1,0.0888924535782626,0.14489842805787584,0.11996776696417169
tau:p9_1,-0.48928216668085084,0.08325569673460499,0.23992364382692244
tau:p10_1,0.4523090151686845,0.36575890249525217,0.44283233805716254
tau:p11_1,-0.1571154310819892,0.0462715443651,0.08676413588741919
tau:p12_1,1.0657011475723939,0.7064600955078808,0.6747750291059964
tau:p13_1,0.033082157910066835,0.18227486203362453,0.13294385771072958
tau:p14_1,-0.005159129220928043,0.0432210196087512,0.3319210531647802
tau:M_1,0.6983370513557632,0.010878329377461832,0.02755543956879812
tau:npersonas_1,-0.019089255196150002,0.025828288479575794,0.014331608338146532
tau:edad_1,-0.012729727766355272,0.0012402078771853154,0.0011790521230252231
tau:Sex_1,-0.014713775049181914,0.03641877115576352,0.035275749102204934
tau:prim_comp_1,-0.003132328279472014,0.06683626456329407,0.05600323820376247
tau:sec_comp_1,-0.06118361896989932,0.06904738455201079,0.06522181609121622
tau:sup_comp_1,-0.080788556648273,0.0698326739845216,0.07864736260036014
tau:log_ing_1,0.04665901008259438,0.004132678611716593,0.01642275711351908
tau:cons_1,-4.626919116602174,4.968602383131761,2.78599885368462
tau:p1_2,0.042579352167816505,0.0639162484153068,0.6165606453018372
tau:p2_2,2.1594988781467355,0.7006395328772842,0.9983691463578587
tau:p3_2,0.7003029810305913,0.339529620347538,0.7071208640638375
tau:p4_2,0.3380522091703193,0.24337995852312547,0.640812626000035
tau:p5_2,-3.0680035189532147,0.8972732184793005,1.8071858401399592
tau:p6_2,0.2533536930695527,0.4925309577843178,0.6663457050011264
tau:p7_2,1.5575870142967938,0.639924366565353,0.804244444015395
tau:p8_2,-0.34706569594933273,0.373703776216033,0.3170288746829799
tau:p9_2,-0.9528528914882243,0.7380094734980955,0.6471985933147276
tau:p10_2,-1.495115817093734,0.39369551830482047,1.161462591896516
tau:p11_2,-0.06662447739720653,0.14839147999827837,0.26157801775648404
tau:p12_2,1.5437857175117315,1.8639002876304638,1.7547226634968496
tau:p13_2,0.6645947637912023,0.19568667857776464,0.4160771750020615
tau:p14_2,0.2118009998750686,0.417064612039213,0.9003996109869612
tau:M_2,0.8446475785968846,0.022025744687110067,0.055151256706135736
tau:npersonas_2,0.11463982978403092,0.01740543637055665,0.04566674499182139
tau:edad_2,0.004083517183025463,0.0020305664952138536,0.002710761596997334
tau:Sex_2,0.12814137842812745,0.16540905706127818,0.0889448339280239
tau:prim_comp_2,0.050664555290729676,0.05661399407910634,0.144485224079026
tau:sec_comp_2,-0.32602052776394236,0.15451801891723305,0.16070530029738792
tau:sup_comp_2,-0.4038005573951837,0.09978687893310377,0.19155679993360206
tau:log_ing_2,-0.14351624347155445,0.09788785773070362,0.052634498377937294
tau:cons_2,-11.656942470857569,4.74733347451573,7.901005646783192
tau:p1_3,0.1765430497874187,0.2330785397325884,0.16554821433778905
tau:p2_3,-0.3986873830788857,0.23068785766457398,0.35753688095862896
tau:p3_3,0.15076524419550139,0.3374060945983066,0.23088532699891998
tau:p4_3,0.16315874453095752,0.20099928535368947,0.21014779840640369
tau:p5_3,-0.10155682959101921,1.0812048259888591,0.5996452078669275
tau:p6_3,0.07445778338762833,0.1545398545106105,0.23667029136443613
tau:p7_3,-0.7669512857532345,0.5210327813669493,0.28392427319159297
tau:p8_3,-0.11630500959224817,0.14605338457976363,0.1175192932180538
tau:p9_3,-0.5175491838980214,0.5108294668139941,0.23633712831493867
tau:p10_3,1.1485050454995829,0.7734761258866251,0.4418793655233878
tau:p11_3,0.03644215050165766,0.026779148664546254,0.08550156077351179
tau:p12_3,0.40648942381016345,0.5253439940954245,0.6634828790390168
tau:p13_3,-0.013171173886817024,0.16004817683646852,0.12937314341777117
tau:p14_3,0.18075201329326834,0.5288172029010194,0.3279724579586563
tau:M_3,0.6968539833630094,0.04729133234734378,0.027313714914583724
tau:npersonas_3,0.02909878930183194,0.012240974352085961,0.013955393691456553
tau:edad_3,-0.009159996196738953,0.001869736328641554,0.0011524898468423855
tau:Sex_3,0.18927990134347103,0.033568247744346275,0.03485012019384411
tau:prim_comp_3,0.007296239591528324,0.05694221005786936,0.05615646349864465
tau:sec_comp_3,0.12891521991005092,0.03681554267506559,0.06492751086106079
tau:sup_comp_3,0.2091612560006046,0.10808370004075307,0.07898945858472578
tau:log_ing_3,0.05070605656322488,0.024295580194545287,0.01663276531212711
tau:cons_3,-11.05437722930883,2.8375569292149385,2.7062081481234133
tau:p1_4,-0.45034860837568264,0.29187622672981606,0.20759060780614422
tau:p2_4,-0.284760158623371,0.2774932967943198,0.4323703383974653
tau:p3_4,0.6768565973807014,0.23134582622261946,0.28169255537662896
tau:p4_4,0.13336469198412826,0.2671671684387469,0.2585822930835575
tau:p5_4,-1.9942688286452075,0.5332152823280164,0.7408223472926786
tau:p6_4,-0.010022603022784632,0.3941945955633191,0.2958518600366223
tau:p7_4,-0.39209639339858554,0.09212345878670573,0.33940411962163414
tau:p8_4,0.002696680321972243,0.17396895341503477,0.13715516115393828
tau:p9_4,0.13461256194641336,0.3272632971049805,0.29138291850071774
tau:p10_4,-0.7311212622929308,0.6836166097414353,0.5742081725378347
tau:p11_4,0.05151891599999354,0.12768302122716474,0.10421848953537863
tau:p12_4,2.4783715645975604,0.9553090297801065,0.7744049653095232
tau:p13_4,0.33489112279521427,0.11931316613622694,0.15883555129053623
tau:p14_4,0.8070264558835952,0.11017688395926659,0.4067190930174295
tau:M_4,0.6105410424142756,0.01727057395097617,0.03447759430252791
tau:npersonas_4,-0.053678502030096054,0.008024044171857368,0.015888584010561826
tau:edad_4,0.0035668466920486344,0.0016323919608323375,0.0013206376825808431
tau:Sex_4,0.03134601216677031,0.041378249133063046,0.03894372342995918
tau:prim_comp_4,0.031087932088704643,0.06777489298550757,0.06881898189599633
tau:sec_comp_4,0.08934097239934488,0.03076305846798547,0.07654716332650864
tau:sup_comp_4,0.22754043930929332,0.0156779378016314,0.08659564729833365
tau:log_ing_4,-0.022050737096822613,0.007135723288658727,0.01966352305281627
tau:cons_4,-14.570164421180163,1.7803902902854445,3.3313626468655357
tau:p1_5,0.19549547810409987,0.08198595018874079,0.2215437058682105
tau:p2_5,0.1034565415691199,0.31672112461605034,0.4581227553027495
tau:p3_5,0.015919674927783126,0.42685133991048557,0.3041444915992079
tau:p4_5,-0.16424556984477784,0.25356426792142406,0.2806169885258042
tau:p5_5,0.1283276719874003,1.1702967226887262,0.7940876773761789
tau:p6_5,0.22804527373990297,0.5725893804013972,0.3054776807147917
tau:p7_5,0.6097703520586154,0.21469490341079445,0.3808637680146558
tau:p8_5,-0.1390149353660971,0.20552780986813077,0.15447595647443696
tau:p9_5,0.3788194582207045,0.34801682563279945,0.32313185215881335
tau:p10_5,-0.40540492097949005,1.0450919266819287,0.5645928792610161
tau:p11_5,-0.02071727228210168,0.021311920426238015,0.1154947626017723
tau:p12_5,0.012052252198397045,0.7250792829638636,0.86585820044137
tau:p13_5,-0.22008309682846344,0.321926823896694,0.18106702128960983
tau:p14_5,-0.5271507592804725,0.38807818734051325,0.43360993435677037
tau:M_5,0.8417839935045007,0.04796991421700096,0.033036563939386254
tau:npersonas_5,-0.021024796331605464,0.03104268254062335,0.01765516314153403
tau:edad_5,0.00954586019652139,0.0010136902431856411,0.001435916187869678
tau:Sex_5,0.07446975976505599,0.05633944738729325,0.044019456581984674
tau:prim_comp_5,0.07522158417697468,0.0768060829478243,0.0703182567289447
tau:sec_comp_5,0.09394113099455023,0.04205872353038262,0.08243999356101542
tau:sup_comp_5,0.14720365588655124,0.12296805435934632,0.10104877772846688
tau:log_ing_5,-0.06194519538106582,0.05130349743307183,0.02334867310939166
tau:cons_5,-5.558816563953366,4.360361106505493,3.6359828267784
tau:p1_6,0.2726755382406076,0.3641927026004718,0.1923176116412986
tau:p2_6,0.5388560379524509,0.253197460536308,0.4035388178891423
tau:p3_6,0.5454134798251008,0.38039959084166436,0.25619998173256914
tau:p4_6,-0.7861650089466823,0.3751716553224254,0.23947450699799772
tau:p5_6,-0.05445405252824059,1.1283759938702662,0.685373507317764
tau:p6_6,0.37602098293612923,0.3688436677908485,0.2715888706450698
tau:p7_6,0.2531880903000333,0.2675580345103278,0.3203648684924565
tau:p8_6,-0.16025479895108038,0.15870906461707912,0.1298705533264439
tau:p9_6,0.16335590273742112,0.3760745129616243,0.2637048032832008
tau:p10_6,0.00947496904979744,0.4969868922193485,0.5121293030049769
tau:p11_6,0.17039472497809863,0.07664725297440755,0.09494073742332301
tau:p12_6,-0.40360514034643685,0.18672379475658513,0.7348431899276741
tau:p13_6,0.11214657685579632,0.22532942077846066,0.14465729271250014
tau:p14_6,-0.4795754658735168,0.2580106363897178,0.3758784481332382
tau:M_6,0.5784042756861718,0.04889426554881003,0.033305171969771764
tau:npersonas_6,0.029750631542747888,0.01372585195249772,0.014724179454929664
tau:edad_6,-0.0004463821099634066,0.0009673464979516762,0.0013085957529558
tau:Sex_6,0.0800714812503998,0.05604646662762447,0.03832529118900918
tau:prim_comp_6,0.0670662466376059,0.07099752212771876,0.06613455337493043
tau:sec_comp_6,-0.07184006534310616,0.12289207818562255,0.07532724260236255
tau:sup_comp_6,-0.12533176525078735,0.07393753774884301,0.08753602414994407
tau:log_ing_6,-0.09330805555805352,0.021831445760210684,0.017267688254127455
tau:cons_6,-7.72263180473317,1.1288335905090012,3.0396934987494735
tau:p1_7,-0.45123084496208465,0.0779547158383582,0.2099716290040916
tau:p2_7,-0.22662372764105473,0.26263062159328177,0.4050951212750722
tau:p3_7,0.6167235493900373,0.18279224275604908,0.2736045246881672
tau:p4_7,0.21261017650769728,0.22653921030827398,0.2482357312578434
tau:p5_7,-0.9898077573677339,0.21128471909491509,0.7210021852794929
tau:p6_7,-0.06797326514550214,0.21443324388900145,0.2768149093348692
tau:p7_7,-0.05834608190784139,0.22374199198591363,0.32236507590822344
tau:p8_7,-0.07434306381932056,0.06223661860972949,0.13144928162927938
tau:p9_7,-0.01899432013864842,0.19918557567658662,0.27621136273139957
tau:p10_7,0.09376464897618812,0.12742238969145175,0.4964125889445653
tau:p11_7,-0.0005297214585434738,0.05208311898410293,0.09814353012256975
tau:p12_7,-0.4994886656785453,0.4434445208406468,0.7526643615843739
tau:p13_7,-0.23827198098472321,0.10433441179451744,0.15970725707377917
tau:p14_7,0.017033452892303614,0.36542475460327806,0.3681592206296352
tau:M_7,0.31427349067877086,0.010977596420325109,0.027088804977983445
tau:npersonas_7,0.2196233232728249,0.015768088516246295,0.017941346612967486
tau:edad_7,0.006929306784343514,0.0006375227353295833,0.00126297098112581
tau:Sex_7,0.21531166816750802,0.0017330850963602337,0.038513920680939666
tau:prim_comp_7,-0.014496263994803126,0.04697060527794768,0.06374251926466874
tau:sec_comp_7,-0.06428080359368941,0.04123779465115547,0.07295887515324892
tau:sup_comp_7,-0.2563285382622426,0.04453399209692396,0.08493453445939857
tau:log_ing_7,-0.0507613482324297,0.017261882945997634,0.019110778157986993
tau:cons_7,6.0492139569983845,2.9929962227096727,3.114760695820954
tau:p1_8,-0.05764766662137607,0.1892288258213647,0.16683413692997257
tau:p2_8,0.10066123006082553,0.3027344765434768,0.3528714033281075
tau:p3_8,0.36007597776167577,0.12503536014562933,0.23347512831274184
tau:p4_8,0.13607290583833254,0.36316427200832696,0.20795158105334446
tau:p5_8,-0.1313486714723278,0.7462071786553087,0.5959489965292041
tau:p6_8,0.16697145104863395,0.22793823138541955,0.23510093486543832
tau:p7_8,-0.02353786600138505,0.3599941882787346,0.2824305806796773
tau:p8_8,0.003501905123329571,0.11096992508679485,0.11643520689000002
tau:p9_8,-0.4585420718244843,0.10644044684712684,0.23722686293246686
tau:p10_8,-0.002758510904875421,0.29715416906730224,0.4350500024726437
tau:p11_8,-0.04406498575618743,0.06686638215841405,0.08515258641991852
tau:p12_8,1.311027557600606,0.6832768752431454,0.6524239955979949
tau:p13_8,0.06899649174380028,0.17700869184151513,0.12783364500352767
tau:p14_8,-0.5393608938003858,0.360416748502322,0.3277349049607009
tau:M_8,0.4848176178105548,0.011505030433518401,0.025743888778120415
tau:npersonas_8,0.024463772413067974,0.013619526510375277,0.013903541502387828
tau:edad_8,0.00026204970353694017,0.001624492848434367,0.0011268866918710272
tau:Sex_8,0.021687011573480686,0.04820643684030369,0.034010006150912896
tau:prim_comp_8,0.061160332301530264,0.03646564520020337,0.055559046950600946
tau:sec_comp_8,-0.03248343280281397,0.04211610690228471,0.06404185203620737
tau:sup_comp_8,-0.16825412695554,0.07658936375217147,0.0755244794895836
tau:log_ing_8,-0.09655079749291089,0.010882009318878288,0.018977559332919194
tau:cons_8,-8.626516118140048,2.1339427247803426,2.6879699447749106
tau:p1_9,-0.39885970804529586,0.12588914913336385,0.16817253076579727
tau:p2_9,0.12019755340517446,0.4673225882884061,0.3590164888952692
tau:p3_9,0.48475992537986706,0.13436584674609453,0.23378679399397106
tau:p4_9,0.5044613194450054,0.21885956083254787,0.21074256065183616
tau:p5_9,-1.6375756701705226,0.3938508531612729,0.6037642640638025
tau:p6_9,0.3629123456175068,0.23743924760140184,0.23883997808873397
tau:p7_9,-0.0196039377971777,0.321006664163734,0.2834075563276454
tau:p8_9,-0.21601974271620442,0.26268924840534963,0.11875191439927774
tau:p9_9,-0.1166290455391421,0.11865201250911984,0.23867087145946805
tau:p10_9,0.25894098898093293,0.18563374632804447,0.441064277569305
tau:p11_9,-0.04224210872614233,0.06119908872104048,0.08571605856453918
tau:p12_9,0.06028612773750004,0.44552879107432086,0.6602775915628609
tau:p13_9,0.2793442829025448,0.05823987108744903,0.13106332242602678
tau:p14_9,0.9037376992489786,0.3238747459282468,0.32967688855610594
tau:M_9,0.7913289737432109,0.05323879268169,0.028355099731025797
tau:npersonas_9,-0.04546077884199083,0.0355325696958393,0.01408527683719819
tau:edad_9,-0.0029864088362432486,0.0018290268607533621,0.0011693002521623048
tau:Sex_9,0.1522153090280851,0.007051244053981025,0.035329854965170514
tau:prim_comp_9,0.117517969307311,0.04129191891284191,0.05610807385012488
tau:sec_comp_9,0.2562290683918159,0.06414815536867303,0.06534459495089368
tau:sup_comp_9,0.42589767354248514,0.08946306253130251,0.08153829823415665
tau:log_ing_9,0.05059691461990144,0.021850389150832195,0.01698693141583853
tau:cons_9,-12.700596862404653,1.532556290382226,2.7322999959622494
tau:p1_10,-0.3319300486394901,0.09445787656462615,0.16384031975137825
tau:p2_10,-0.11626435556186217,0.29727780012761723,0.3524151303523264
tau:p3_10,0.8102830977062955,0.16617747612131795,0.2292058432343018
tau:p4_10,0.46222022136233915,0.18433572225810663,0.20708189710556
tau:p5_10,-1.3361306058154647,0.605476651175852,0.5916236336645749
tau:p6_10,-0.018410899254895023,0.28168806528902124,0.23620727977104705
tau:p7_10,0.2600534421587284,0.34795393660736657,0.27748381283060963
tau:p8_10,-0.11564443088443864,0.08372702365496555,0.11627367722118184
tau:p9_10,0.3314860837314272,0.3948182444992173,0.23531280017811887
tau:p10_10,-0.7038870204758942,1.0391795588285782,0.4384522696299245
tau:p11_10,-0.03212451964858181,0.010639568163536704,0.08457325123404714
tau:p12_10,0.3278019908650407,0.977494855374688,0.6456634027501437
tau:p13_10,0.08259062983657854,0.14633005227645396,0.12826868225224056
tau:p14_10,1.2064151687536946,0.2696937678897564,0.3274957072493901
tau:M_10,0.7248380914309032,0.05922828740470315,0.02761474581789938
tau:npersonas_10,-0.014384744269254115,0.0018285106489774026,0.013769626708981644
tau:edad_10,-0.0089542065370603,0.0011207952093689843,0.0011380425062151149
tau:Sex_10,-0.08534863905050365,0.0358303852342765,0.0341351224365435
tau:prim_comp_10,0.13562714760577751,0.032894353299555784,0.05545752313612786
tau:sec_comp_10,0.09962579692779461,0.02425888169093403,0.06402648487753662
tau:sup_comp_10,0.07947081719022976,0.13249462352171854,0.07665070983571814
tau:log_ing_10,-0.01908550046679395,0.007434640359486612,0.016725662237836066
tau:cons_10,-11.946598940314898,3.756843364641871,2.691616799777989
tau:p1_11,0.016859224362996583,0.04241244489977993,0.24603245471705182
tau:p2_11,-0.03346624877021074,0.06003864116376529,0.46774536478340273
tau:p3_11,0.12535285009082556,0.17154616252709193,0.32260122165872956
tau:p4_11,-0.2747009317290368,0.20288789324447995,0.2952473954296045
tau:p5_11,-0.009858644239792448,0.05599934862402794,0.8580880917694986
tau:p6_11,-0.5251599300039937,0.371366291824105,0.32869974420313003
tau:p7_11,-0.2996804367719425,0.19857756196213003,0.3740145862175293
tau:p8_11,-0.017513032335807033,0.0696435312383685,0.14865996222816827
tau:p9_11,-0.36372118978946866,0.223966266962161,0.33218712333822586
tau:p10_11,1.7522545259406654,0.8583080162856281,0.6344957864365597
tau:p11_11,-0.14844609212775894,0.1134561630689981,0.1194830699585504
tau:p12_11,-1.184054074527388,0.678961107567672,0.8273687348954486
tau:p13_11,0.059765889810170766,0.09266061678631893,0.1802343625352701
tau:p14_11,0.5585444321614287,0.17827956284822127,0.43799829499816234
tau:M_11,0.6438033449204655,0.026114095851198664,0.037576973830718785
tau:npersonas_11,-0.032404073622962125,0.00965981450442774,0.016402948740948758
tau:edad_11,-0.008098951799687868,0.002421548767173854,0.001406258660493806
tau:Sex_11,0.03216342194661419,0.02762413458676915,0.04126973653701887
tau:prim_comp_11,-0.08315353708885147,0.07420599224623654,0.07839209542858167
tau:sec_comp_11,0.052016885327116145,0.05854538664431397,0.0850889903167806
tau:sup_comp_11,0.12818720289803706,0.12661847518665909,0.09460290105143494
tau:log_ing_11,0.046714782037116605,0.04237851987217093,0.02388147583321473
tau:cons_11,-5.712015000539414,3.6911656517557887,3.628252850444007
tau:p1_12,-0.28439110571419485,0.22651372475472328,0.2300035845636728
tau:p2_12,-0.9068576947908216,0.2573443623722416,0.4437061470848428
tau:p3_12,0.5199709903624788,0.21549473641850825,0.30089053620790013
tau:p4_12,-0.3394966730076641,0.22334475272976664,0.28213141751374093
tau:p5_12,-1.1584956111519553,0.4921574463456929,0.8032024618185344
tau:p6_12,0.46493347370341614,0.29297125070719143,0.3024836899939337
tau:p7_12,0.3135454178052931,0.40973762563890986,0.366699683677754
tau:p8_12,0.15229001808425993,0.14453359464298807,0.14649206115224583
tau:p9_12,0.27183510575214215,0.35575141163733287,0.31687335083168316
tau:p10_12,-1.5278426016982574,0.4157350748182026,0.545258148583692
tau:p11_12,0.26859722396810254,0.058477253806212506,0.11445713325461779
tau:p12_12,1.8129185842649516,0.5268292954488024,0.832559331091774
tau:p13_12,-0.0038753292325760936,0.02761148983690163,0.17287025334842937
tau:p14_12,0.5754477292857471,0.6264082077147187,0.4029057145067647
tau:M_12,1.1346778678689886,0.032952551917269694,0.035082998838406904
tau:npersonas_12,0.04872573408283551,0.017359220540096896,0.017964097252321762
tau:edad_12,0.0034628060362375175,0.002269122001814356,0.0013542991470407205
tau:Sex_12,0.06723562859143246,0.10271664793430878,0.041867483891661075
tau:prim_comp_12,-0.16304656183291172,0.028570955714334167,0.07029602366567075
tau:sec_comp_12,-0.2896526885989915,0.0337113905273284,0.08078163058061134
tau:sup_comp_12,-0.6619773147381959,0.12949205308753126,0.09343214853855633
tau:log_ing_12,-0.15435685741588417,0.06979521508807046,0.023600637496453195
tau:cons_12,-9.005778752239072,3.29342546433115,3.421457236648762
tau:p1_13,0.12946918560722456,0.09133504409989221,0.16741801445522972
tau:p2_13,-0.4293784192108426,0.8557378732475417,0.3614439295879169
tau:p3_13,0.07302541986487564,0.0627754248305168,0.23569545342709222
tau:p4_13,-0.5899779487527018,0.2496955077899407,0.21671588116866344
tau:p5_13,-0.3310991357626941,0.9272353614266438,0.6124584385676757
tau:p6_13,0.06254895743780954,0.1621764387821648,0.2395768606877761
tau:p7_13,0.18104669863925965,0.6670070677661657,0.29418529333501964
tau:p8_13,-0.335765717679704,0.16708040928680143,0.12090509376522618
tau:p9_13,0.6585897989650762,0.08370170838883649,0.24924324751433385
tau:p10_13,0.7530655513540441,0.10289019249799224,0.44530179982872653
tau:p11_13,0.12200192072904324,0.10374122964239572,0.08937903096842904
tau:p12_13,-0.4044696590576383,0.6266913937077631,0.6793823378984019
tau:p13_13,-0.39481051004717316,0.10617359863313407,0.13522611473127372
tau:p14_13,0.6593875315424917,0.2183661270217112,0.33622020248893636
tau:M_13,0.6674257667826216,0.01406090110349632,0.027170136921282232
tau:npersonas_13,-0.06481706659399683,0.021636267968413603,0.014052809952023465
tau:edad_13,-0.0008207577056465068,0.0002783058730669314,0.0011691427404555347
tau:Sex_13,0.08101623377629052,0.022994953747043027,0.03536512693961724
tau:prim_comp_13,0.07148165335588656,0.05636153930840063,0.05663329954974991
tau:sec_comp_13,0.056986299586946745,0.058070146396028616,0.0659944529280193
tau:sup_comp_13,0.0413571565501321,0.05715952752393741,0.07925545609303569
tau:log_ing_13,-0.04953299412515046,0.02793368526599339,0.01802923440587108
tau:cons_13,-6.180604478446245,3.396705984318837,2.7821775011921708
tau:p1_14,0.15747006740489852,0.3859302023321889,0.19520765850889804
tau:p2_14,0.5129663467706749,0.46046617156344144,0.41858287082683254
tau:p3_14,0.31217060546062403,0.3085275692147579,0.27708376949599317
tau:p4_14,-0.07381182856938477,0.3371936494384374,0.24651803394183397
tau:p5_14,-0.3900301059328331,0.8286306543033182,0.7020498347795424
tau:p6_14,-0.21745755241356912,0.4724568852009148,0.28068782800079894
tau:p7_14,0.32352882110466424,0.5810269525912823,0.3436511633666384
tau:p8_14,-0.35896380369612224,0.03467848126985511,0.14098591831523255
tau:p9_14,0.41997489027603624,0.0919761181542576,0.29058630517000694
tau:p10_14,-0.7747506035760483,0.20799485988717412,0.5081453770293042
tau:p11_14,0.11357022030503265,0.06464766224220699,0.1036298723233622
tau:p12_14,0.6434265318430477,0.33377789104656,0.7976114792951627
tau:p13_14,0.10249231309839264,0.1989653216647859,0.15347700760773278
tau:p14_14,0.5769363677572129,0.22290569109463415,0.3972142061668281
tau:M_14,0.9087869745841282,0.02130031876111698,0.0324124486032545
tau:npersonas_14,0.03584808157133242,0.015546692636129362,0.01774530980404309
tau:edad_14,-0.0034296452215822138,0.0010424154768863111,0.001346285659288211
tau:Sex_14,0.21664956057688664,0.01245776595594905,0.041443422738026925
tau:prim_comp_14,0.10255425037341645,0.03351057959272749,0.06377223388783887
tau:sec_comp_14,-0.001199675810075284,0.01841049226984917,0.07491367492683652
tau:sup_comp_14,-0.04283265008736031,0.040882080280747767,0.09181385266127673
tau:log_ing_14,-0.1246717984039512,0.026579588310212787,0.023014974061811244
tau:cons_14,-13.754327380167721,4.9072749134847955,3.242084673191037
ELAS_INC:e_1,0.6828817568618424,0.13240671561180736,0.020661897954345494
ELAS_INC:e_2,0.6475091736582588,0.015539476482465049,0.007253323448565765
ELAS_INC:e_3,1.461323049736071,0.057213739325757386,0.02701749067128583
ELAS_INC:e_4,1.5986957004384044,0.2025730185788608,0.02994179243805233
ELAS_INC:e_5,0.9266888326736258,0.09385089368995286,0.01689626622089368
ELAS_INC:e_6,1.4074361192527596,0.06203264739072529,0.056960018169369624
ELAS_INC:e_7,0.01846774216594993,0.202576058521558,0.027878791808331277
ELAS_INC:e_8,0.9156830850151124,0.0654224572583186,0.0305852917454449
ELAS_INC:e_9,1.3296338404642074,0.23421813910485906,0.023051433977561257
ELAS_INC:e_10,1.2654018966045553,0.1142269633805532,0.022009522458957136
ELAS_INC:e_11,2.7326535129953173,0.30984062311079064,0.10576216799392209
ELAS_INC:e_12,1.3244027709969197,0.04608685444182523,0.008639927406383113
ELAS_INC:e_13,0.8463714568245333,0.04114864467699121,0.0182859357220227
ELAS_INC:e_14,1.1564543831057477,0.030442150341246785,0.018682847185778305
ELAS_UNCOMP:e_1_1,-0.9139895946512296,0.20865892396578348,0.06739109601838662
ELAS_UNCOMP:e_1_2,0.8848135030713293,0.2537619011996497,0.05328403145598444
ELAS_UNCOMP:e_1_3,-0.20591903700310285,0.17632009137564067,0.07199519775597162
ELAS_UNCOMP:e_1_4,0.03946639601713752,0.24181748105714485,0.0705409615413834
ELAS_UNCOMP:e_1_5,-0.31541966907765573,0.024213706339484924,0.10684085217847752
ELAS_UNCOMP:e_1_6,-0.0360931170936133,0.134618495378677,0.051629274974877244
ELAS_UNCOMP:e_1_7,0.1536646760390725,0.2859012889165742,0.05110726076251987
ELAS_UNCOMP:e_1_8,-0.008887718591256361,0.09823475485388902,0.031038576989105244
ELAS_UNCOMP:e_1_9,-0.2079105897160157,0.05438475514181561,0.07035501875899701
ELAS_UNCOMP:e_1_10,0.13814687058948422,0.31949563602285863,0.08129459111792689
ELAS_UNCOMP:e_1_11,-0.044987986719621766,0.1846048680919254,0.046187905740423675
ELAS_UNCOMP:e_1_12,-0.2938791473858644,0.2736972246986816,0.09421432542784508
ELAS_UNCOMP:e_1_13,0.45291482760959656,0.04422433569166613,0.044296807132695355
ELAS_UNCOMP:e_1_14,-0.31483645239008434,0.0475425402970434,0.07219952003479894
ELAS_UNCOMP:e_2_1,0.37454946289754376,0.09090933288777107,0.022000396699176507
ELAS_UNCOMP:e_2_2,-0.6450945114432658,0.15650405610204976,0.04616983108823881
ELAS_UNCOMP:e_2_3,-0.304855105220696,0.11002853611790582,0.033623540255882094
ELAS_UNCOMP:e_2_4,-0.14794243180071026,0.19445508622271593,0.033193678091164636
ELAS_UNCOMP:e_2_5,1.2412357568886825,0.5566563541744117,0.059739101919471405
ELAS_UNCOMP:e_2_6,-0.20277665031446218,0.3201130093045449,0.02791205297132707
ELAS_UNCOMP:e_2_7,-0.3601870057773287,0.21775434356696802,0.029773875159343887
ELAS_UNCOMP:e_2_8,0.06888428901405343,0.10654711004681722,0.016630721319064342
ELAS_UNCOMP:e_2_9,-0.2579614602952087,0.34204256128888666,0.034874427735180256
ELAS_UNCOMP:e_2_10,-0.29893097236356536,0.15852458817626022,0.04443159089206324
ELAS_UNCOMP:e_2_11,0.05545848136915976,0.07057879750449966,0.017001430086557818
ELAS_UNCOMP:e_2_12,-0.7820100646354858,0.4816870542075934,0.05057059352772951
ELAS_UNCOMP:e_2_13,0.3211083949193382,0.05950840794327464,0.019854327751102626
ELAS_UNCOMP:e_2_14,0.20265077617305083,0.299064233064459,0.04251604844973482
ELAS_UNCOMP:e_3_1,-0.21295619553232886,0.029364696839372272,0.08588310999778538
ELAS_UNCOMP:e_3_2,-1.0466027257430657,0.17481914934477033,0.09495273033242964
ELAS_UNCOMP:e_3_3,-0.19995636260240968,0.3246913628598718,0.15938552500401748
ELAS_UNCOMP:e_3_4,0.006988190132882186,0.5539388177546238,0.10790696097674465
ELAS_UNCOMP:e_3_5,-0.13850936943030842,0.3840521371271759,0.16592972739142087
ELAS_UNCOMP:e_3_6,0.5929412611192144,0.14767562000324785,0.08876471847094844
ELAS_UNCOMP:e_3_7,-1.078761805581006,0.3117882189606483,0.08985786172079008
ELAS_UNCOMP:e_3_8,-0.0838165236914379,0.08298234917179746,0.05107613202648219
ELAS_UNCOMP:e_3_9,-0.28548911934283583,0.28824133499319265,0.1212060461243172
ELAS_UNCOMP:e_3_10,0.22868336692331032,0.9133836575350766,0.13557395516668597
ELAS_UNCOMP:e_3_11,0.1620745127806757,0.16344592433905034,0.06535048821290297
ELAS_UNCOMP:e_3_12,1.633399243407149,0.13011475378629003,0.15013013079452725
ELAS_UNCOMP:e_3_13,-0.6229383990943657,0.18207842800688234,0.06902421437258137
ELAS_UNCOMP:e_3_14,0.11445628748103602,0.13442013327468452,0.13503537010898722
ELAS_UNCOMP:e_4_1,-0.3308409187891034,0.06785342489599236,0.06673871982546159
ELAS_UNCOMP:e_4_2,-0.5307776149731112,0.6547889812002661,0.07417363023688833
ELAS_UNCOMP:e_4_3,0.4736931313350932,0.5251279556443194,0.08971162684002372
ELAS_UNCOMP:e_4_4,-1.5173693547302336,0.0762072197340237,0.12556680134012904
ELAS_UNCOMP:e_4_5,-1.1200936812563294,0.3356337458493741,0.14517213106712146
ELAS_UNCOMP:e_4_6,-0.4275408476637435,0.31181737101833645,0.08199527332541426
ELAS_UNCOMP:e_4_7,-0.4816388772176281,0.22359847019077522,0.06806607324396102
ELAS_UNCOMP:e_4_8,-0.038601234320288835,0.1958726211551415,0.038846767611706016
ELAS_UNCOMP:e_4_9,0.3525103427988407,0.1775944723399027,0.0863490023082758
ELAS_UNCOMP:e_4_10,-0.10961390924083271,0.6222881908772061,0.10809993858406984
ELAS_UNCOMP:e_4_11,0.44858753640603416,0.16068322015244071,0.0731582497580818
ELAS_UNCOMP:e_4_12,2.081842370983372,1.0456739194756393,0.15508551983269106
ELAS_UNCOMP:e_4_13,0.25365911134640273,0.059440680032951075,0.05343419062244128
ELAS_UNCOMP:e_4_14,0.4337928196802148,0.31480632545240655,0.10261510401829503
ELAS_UNCOMP:e_5_1,-0.23639140464517788,0.06460643375178972,0.07460861871129464
ELAS_UNCOMP:e_5_2,1.837656330641524,0.9447306934151493,0.1013757393961062
ELAS_UNCOMP:e_5_3,-0.05179924355808926,0.013543609895249534,0.10161078947401227
ELAS_UNCOMP:e_5_4,0.3942256614376286,0.10714412809996728,0.09372101309958417
ELAS_UNCOMP:e_5_5,-1.664078775026888,0.8761350630994847,0.2703504758873082
ELAS_UNCOMP:e_5_6,-0.00773021377796835,0.37435619732131226,0.07926125550441145
ELAS_UNCOMP:e_5_7,1.1691179630849917,0.4428341853083303,0.09157344959565893
ELAS_UNCOMP:e_5_8,-0.054065329045905136,0.3233209441602392,0.045984548055693034
ELAS_UNCOMP:e_5_9,-0.6166078145606798,0.22652596235714167,0.10556124363615565
ELAS_UNCOMP:e_5_10,0.11968972059199463,0.3856763904759111,0.14073858686898788
ELAS_UNCOMP:e_5_11,-0.2829016311513973,0.17741119574104006,0.043690507432401576
ELAS_UNCOMP:e_5_12,-0.49126648937420175,1.363746631643771,0.2018710428847515
ELAS_UNCOMP:e_5_13,0.16388622753557724,0.2090653486229924,0.06075804923317649
ELAS_UNCOMP:e_5_14,-1.3357762096985468,0.8884869684507467,0.12441769638931802
ELAS_UNCOMP:e_6_1,-0.06420338829253044,0.9213250686019852,0.17557431204311974
ELAS_UNCOMP:e_6_2,-1.3799904066638458,1.863682921213539,0.24451762276701267
ELAS_UNCOMP:e_6_3,1.5531668951122937,0.8907164823583305,0.24946176356678287
ELAS_UNCOMP:e_6_4,-1.5727490168338272,0.06135034159812387,0.2771475754978953
ELAS_UNCOMP:e_6_5,0.04859696460361482,1.2547830810670066,0.3534279929948864
ELAS_UNCOMP:e_6_6,-0.9651930248011868,0.9977425185544613,0.25509321000233387
ELAS_UNCOMP:e_6_7,-1.119475945620946,1.8956878396240082,0.21714480139970677
ELAS_UNCOMP:e_6_8,-0.1702972036875198,0.14361191225141412,0.11479341021365536
ELAS_UNCOMP:e_6_9,-0.7911482104575415,1.5950493517163753,0.2463130107420915
ELAS_UNCOMP:e_6_10,2.578198182651403,2.308386190861758,0.3157343188598735
ELAS_UNCOMP:e_6_11,0.20873231402053297,0.22551275358451137,0.11841935123464017
ELAS_UNCOMP:e_6_12,0.9917586093023343,3.359890829141416,0.3245914293696627
ELAS_UNCOMP:e_6_13,-0.4027621275717566,0.15193246338406166,0.14698970799245278
ELAS_UNCOMP:e_6_14,-0.18667263955407085,1.3953823584773124,0.29492275394581247
ELAS_UNCOMP:e_7_1,0.07246339751109063,0.4218100469262098,0.06917707337954453
ELAS_UNCOMP:e_7_2,-0.8811549893885622,0.7719733418920808,0.09497736235506556
ELAS_UNCOMP:e_7_3,-0.49670303073464206,0.2611326712571323,0.09968312954689762
ELAS_UNCOMP:e_7_4,-0.1722194468845157,0.10173080246590428,0.09776448524974359
ELAS_UNCOMP:e_7_5,2.0411609258568197,0.8648745424896189,0.17459861158483514
ELAS_UNCOMP:e_7_6,-0.5256325140108169,0.6934121720355095,0.08458614414854534
ELAS_UNCOMP:e_7_7,-2.1230687447901984,0.9133756318810727,0.12078504093732793
ELAS_UNCOMP:e_7_8,0.36682683032969715,0.12601528227815947,0.04525601841060653
ELAS_UNCOMP:e_7_9,-0.22255968380648533,0.12261034556204392,0.10035956269343357
ELAS_UNCOMP:e_7_10,-0.5538389091834545,0.49926047860777895,0.13142598507471834
ELAS_UNCOMP:e_7_11,0.08873850015014824,0.17151768421286734,0.0501240199382425
ELAS_UNCOMP:e_7_12,1.128520619646773,1.0387322431791566,0.1491286555317759
ELAS_UNCOMP:e_7_13,0.4589960724747686,0.14797901446671746,0.05691346297498721
ELAS_UNCOMP:e_7_14,0.30457597836615874,0.7564564129173651,0.11764369940733425
ELAS_UNCOMP:e_8_1,-0.14627527979883212,0.2738386989175822,0.09540889444880143
ELAS_UNCOMP:e_8_2,0.6121982876628488,0.3804918104249176,0.12088645976027712
ELAS_UNCOMP:e_8_3,0.6331396177363456,0.09889031086148166,0.13704272736226925
ELAS_UNCOMP:e_8_4,0.11127492376802565,0.3834520956576793,0.12943194604432903
ELAS_UNCOMP:e_8_5,-0.43023935397599933,2.0139264403493806,0.19319717018850277
ELAS_UNCOMP:e_8_6,0.1346815289584887,0.26164847868463137,0.10712039494411622
ELAS_UNCOMP:e_8_7,0.7706632492297844,0.2520978343578525,0.10545455810197744
ELAS_UNCOMP:e_8_8,-0.700112921597817,0.10369302158287916,0.08375098077097898
ELAS_UNCOMP:e_8_9,-0.12110367130181224,0.37651070713495416,0.13089665237566492
ELAS_UNCOMP:e_8_10,-0.4053171559257487,0.3092462341456672,0.15594526826682556
ELAS_UNCOMP:e_8_11,0.05164900220953846,0.19496499716471033,0.0742748961710632
ELAS_UNCOMP:e_8_12,2.187271463336086,1.0582308605610204,0.1995609951667276
ELAS_UNCOMP:e_8_13,0.49680341478344725,0.5651730906868625,0.0842252915219843
ELAS_UNCOMP:e_8_14,-1.7323715336153676,0.4299690128208346,0.1614745943243944
ELAS_UNCOMP:e_9_1,-0.04840095947851668,0.10325269967424953,0.08157369083760545
ELAS_UNCOMP:e_9_2,-1.016961028509584,0.9399812160723698,0.0955030388102097
ELAS_UNCOMP:e_9_3,-0.3652110031900773,0.22966659832751768,0.11855999252973648
ELAS_UNCOMP:e_9_4,0.035770544181225626,0.1352222123378011,0.10868601496330571
ELAS_UNCOMP:e_9_5,-0.06317401095933986,0.6851581343388125,0.17283164502343681
ELAS_UNCOMP:e_9_6,-0.4684656553835005,0.49499686900281975,0.08688089891718331
ELAS_UNCOMP:e_9_7,-0.23571536260416334,0.013618217064344884,0.08702374358339743
ELAS_UNCOMP:e_9_8,0.32877228183324125,0.27276901498104567,0.04825969409656226
ELAS_UNCOMP:e_9_9,-0.8260751307939427,0.2884670663967041,0.15457160371649836
ELAS_UNCOMP:e_9_10,0.07680111554961448,0.7224232897355926,0.15943117541912533
ELAS_UNCOMP:e_9_11,-0.09542445642553207,0.17877790091545726,0.061029887373514155
ELAS_UNCOMP:e_9_12,0.7726016362200753,0.6629032163621983,0.155702634952909
ELAS_UNCOMP:e_9_13,-0.46140404337575164,0.021265420196429075,0.06808433627627376
ELAS_UNCOMP:e_9_14,0.28520724481712173,0.5186768145395477,0.13354869681657044
ELAS_UNCOMP:e_10_1,-0.0034315998706737775,0.2974654220437812,0.07392344252910026
ELAS_UNCOMP:e_10_2,-0.839120038706653,0.3058951791003255,0.09480617541579514
ELAS_UNCOMP:e_10_3,-0.019760737510661874,0.5181756877176882,0.10440789144911801
ELAS_UNCOMP:e_10_4,0.5943000983093198,0.3684630842377903,0.09939547735342613
ELAS_UNCOMP:e_10_5,-0.2786026994337393,0.339221679304103,0.17454554105355544
ELAS_UNCOMP:e_10_6,0.7230957181902076,0.4732840962518426,0.08438406072032985
ELAS_UNCOMP:e_10_7,-0.38472751401614075,0.2969275588782163,0.08985435234120355
ELAS_UNCOMP:e_10_8,-0.17342820970306258,0.02694620557077093,0.04670058718462923
ELAS_UNCOMP:e_10_9,0.30473533697857746,0.6047895421676481,0.1227846474873749
ELAS_UNCOMP:e_10_10,-0.4661675313965916,0.6376436734597858,0.19715338377993108
ELAS_UNCOMP:e_10_11,0.07841979596369933,0.09384194982757506,0.0484231958718085
ELAS_UNCOMP:e_10_12,-1.3664154388737164,0.7917530353327649,0.17488317876547818
ELAS_UNCOMP:e_10_13,-0.03503669094785923,0.2316316549702105,0.057441787654726316
ELAS_UNCOMP:e_10_14,1.0195454782861735,0.47402790020833513,0.13115467151719873
ELAS_UNCOMP:e_11_1,-0.15381981965289765,0.561233607915386,0.1284425958185087
ELAS_UNCOMP:e_11_2,0.09931067762905703,0.3763295287521843,0.11048750112517047
ELAS_UNCOMP:e_11_3,0.3479757336788637,0.21181747815737662,0.1528724813379962
ELAS_UNCOMP:e_11_4,0.9763966475817581,0.07932992137075026,0.2396719262649033
ELAS_UNCOMP:e_11_5,-1.1879815158778433,0.7231884032503139,0.18112489653178124
ELAS_UNCOMP:e_11_6,-0.24167060935218218,0.41869924525126745,0.10821331959148747
ELAS_UNCOMP:e_11_7,-0.12473992182872701,0.48244040277104844,0.10297817767718975
ELAS_UNCOMP:e_11_8,0.036019193857470835,0.23115441086966781,0.0657941232274183
ELAS_UNCOMP:e_11_9,-0.6077831742460611,0.4613445688573692,0.14651877789868167
ELAS_UNCOMP:e_11_10,1.6281266909562129,0.863845452676715,0.20687056709731322
ELAS_UNCOMP:e_11_11,-2.3705860996968253,0.2829761589776633,0.22164498316505585
ELAS_UNCOMP:e_11_12,-1.579341573014528,1.0506733037091625,0.17667574381367732
ELAS_UNCOMP:e_11_13,-0.49462958868151463,0.36282040840954083,0.10818270591927028
ELAS_UNCOMP:e_11_14,1.1890746861618882,0.45257908447803724,0.16307602010098826
ELAS_UNCOMP:e_12_1,-0.1580757167674363,0.07952852904990469,0.03251801762061807
ELAS_UNCOMP:e_12_2,-0.7064688939324258,0.4935118613286556,0.04230347550974849
ELAS_UNCOMP:e_12_3,0.4066861715880303,0.15307900273838979,0.04456452735803996
ELAS_UNCOMP:e_12_4,0.06935689632523837,0.12919762390084152,0.04206552783033078
ELAS_UNCOMP:e_12_5,-0.2377196124654362,0.6976136457595569,0.10100805590418949
ELAS_UNCOMP:e_12_6,0.12055367400082864,0.3701139804094448,0.03568574297923308
ELAS_UNCOMP:e_12_7,0.2623793186216929,0.29434505180945003,0.040284055096672516
ELAS_UNCOMP:e_12_8,-0.05815783755484666,0.05938520855931046,0.018942700144295378
ELAS_UNCOMP:e_12_9,0.2881888390056327,0.20085882559885765,0.04829341387818198
ELAS_UNCOMP:e_12_10,-0.553275118061986,0.2997328869006412,0.0685756806373261
ELAS_UNCOMP:e_12_11,-0.05341796227293745,0.09709927992848766,0.020326027886246642
ELAS_UNCOMP:e_12_12,-0.4718712418290685,1.0989649790658156,0.11273452319534649
ELAS_UNCOMP:e_12_13,-0.4262451821736629,0.07745824501548809,0.02457124554854659
ELAS_UNCOMP:e_12_14,0.14999882595528147,0.08412696791013119,0.058554733946974066
ELAS_UNCOMP:e_13_1,0.48307061422125264,0.05984414471095812,0.03902864706273439
ELAS_UNCOMP:e_13_2,0.40309906559833664,0.4566388840123663,0.04143720254746131
ELAS_UNCOMP:e_13_3,-0.3277807746638042,0.09767738872942539,0.04752000815588621
ELAS_UNCOMP:e_13_4,-0.4457474900048606,0.0646916050599147,0.0501467031404153
ELAS_UNCOMP:e_13_5,-0.02038180745561008,0.7312816900249307,0.07135246316369705
ELAS_UNCOMP:e_13_6,-0.07218835321677987,0.016618023963182627,0.037015343852345124
ELAS_UNCOMP:e_13_7,0.43305892787872524,0.34194852352398486,0.03790067370500017
ELAS_UNCOMP:e_13_8,-0.13985972173390998,0.22400160212962933,0.024696819775408746
ELAS_UNCOMP:e_13_9,0.3477359614270626,0.21574385593521508,0.048259683192973815
ELAS_UNCOMP:e_13_10,0.5617235502610789,0.1697733836975865,0.05693262813332719
ELAS_UNCOMP:e_13_11,-0.037486161979909845,0.11351050118159205,0.029261938836121264
ELAS_UNCOMP:e_13_12,-1.054161591930485,0.3188018781508459,0.05843837006106625
ELAS_UNCOMP:e_13_13,-0.7564424938688069,0.07421573903739015,0.04589596449098588
ELAS_UNCOMP:e_13_14,0.3904848259305317,0.3517788378646639,0.052968470547457444
ELAS_UNCOMP:e_14_1,-0.4012861142716849,0.0222006314274594,0.06818512456798614
ELAS_UNCOMP:e_14_2,0.12202001878610093,0.5246723648953926,0.09130505612702074
ELAS_UNCOMP:e_14_3,-0.12538227727784607,0.048394845743757686,0.10516794754482965
ELAS_UNCOMP:e_14_4,-0.16570116867255272,0.2519412019238067,0.09681641451000482
ELAS_UNCOMP:e_14_5,-1.6770874887977352,0.9015399314857258,0.1564244300466472
ELAS_UNCOMP:e_14_6,0.06812454711814965,0.36684392623103695,0.08149242121265678
ELAS_UNCOMP:e_14_7,0.006332188890358162,0.3387538721976197,0.08131101742709831
ELAS_UNCOMP:e_14_8,-0.15107081311906637,0.15778213459681947,0.04665054864508099
ELAS_UNCOMP:e_14_9,0.501559081477675,0.2945830755762004,0.1035040250507129
ELAS_UNCOMP:e_14_10,0.970949407484625,0.3441946753385896,0.13411909809331823
ELAS_UNCOMP:e_14_11,0.23284799991318048,0.2448982654750699,0.048599152255158304
ELAS_UNCOMP:e_14_12,0.1382583655307236,0.22737001965744888,0.14892324458532363
ELAS_UNCOMP:e_14_13,-0.25460245299491835,0.3111042671151868,0.055420628621905985
ELAS_UNCOMP:e_14_14,-1.2796623447995854,0.7543530018477358,0.17197628687955072
ELAS_COMP:e_1_1,-0.8695634621754569,0.20903100891974746,0.06736996932605332
ELAS_COMP:e_1_2,1.016815003961765,0.23193064120061352,0.052542990545151214
ELAS_COMP:e_1_3,-0.1720199256199248,0.17046926556983957,0.07203172569805905
ELAS_COMP:e_1_4,0.051184913529823135,0.24161094848572365,0.07056084901215716
ELAS_COMP:e_1_5,-0.242372703995842,0.03221120107174789,0.10675620199097144
ELAS_COMP:e_1_6,-0.03260335636916994,0.13534132366376367,0.05163346982688581
ELAS_COMP:e_1_7,0.18989979566740178,0.29332503025237344,0.05098057389537661
ELAS_COMP:e_1_8,0.005001680782841193,0.09790435153699331,0.03106165643118828
ELAS_COMP:e_1_9,-0.17116369815649626,0.05151261805730728,0.07043858742941256
ELAS_COMP:e_1_10,0.18176553857183816,0.3272839786798003,0.08124703866787181
ELAS_COMP:e_1_11,-0.041715668590235,0.1846587339909943,0.0462021186337828
ELAS_COMP:e_1_12,-0.15103996639240225,0.24870163788625574,0.09438179862700269
ELAS_COMP:e_1_13,0.5056148512300759,0.03743071118263008,0.04423053125473015
ELAS_COMP:e_1_14,-0.2587514574188385,0.05721494684831121,0.07234482575168211
ELAS_COMP:e_2_1,0.4166743667175177,0.09129855943221142,0.021940228348844543
ELAS_COMP:e_2_2,-0.519930554573192,0.15921863143111684,0.04608294906232164
ELAS_COMP:e_2_3,-0.27271193346525,0.11019553815470656,0.03360059393293463
ELAS_COMP:e_2_4,-0.1368309216235918,0.19523074297150153,0.03319214003849177
ELAS_COMP:e_2_5,1.310498963180395,0.5584212566919934,0.05967293689344962
ELAS_COMP:e_2_6,-0.19946765566019947,0.31998028873764783,0.02791083198930261
ELAS_COMP:e_2_7,-0.3258288286373081,0.2197224054340996,0.02983868717431835
ELAS_COMP:e_2_8,0.08205423157140157,0.10684576722747742,0.01660774376024955
ELAS_COMP:e_2_9,-0.22311802049157672,0.3407451748773985,0.034829918956424726
ELAS_COMP:e_2_10,-0.2575717071942631,0.1591897641135247,0.04445025103301157
ELAS_COMP:e_2_11,0.05856129673450689,0.07051846879618485,0.01699844517966376
ELAS_COMP:e_2_12,-0.6465698085124756,0.48073256997319247,0.05067028048549683
ELAS_COMP:e_2_13,0.3710786107046912,0.060104904768949446,0.01985531721459729
ELAS_COMP:e_2_14,0.2558306252223881,0.2963152519730302,0.042516889601549666
ELAS_COMP:e_3_1,-0.11788712867686534,0.031681888996608044,0.08579815513797952
ELAS_COMP:e_3_2,-0.7641280016599387,0.18299348189095166,0.09454145441977324
ELAS_COMP:e_3_3,-0.1274144439876022,0.32468750152288584,0.15917803746175038
ELAS_COMP:e_3_4,0.03206506409817668,0.5543214472441701,0.10786757929055603
ELAS_COMP:e_3_5,0.017806438855248907,0.3886311052655484,0.16582998897077303
ELAS_COMP:e_3_6,0.6004091246745802,0.14783380461581824,0.08875002474974883
ELAS_COMP:e_3_7,-1.001220979529133,0.3097343269643203,0.08970753885984371
ELAS_COMP:e_3_8,-0.05409410213249605,0.08180996909412938,0.051022400554811886
ELAS_COMP:e_3_9,-0.20685313426563925,0.2900823238819537,0.12115342606777305
ELAS_COMP:e_3_10,0.32202451168359475,0.9103409951529919,0.1354548279846453
ELAS_COMP:e_3_11,0.16907706316438667,0.16417959987914357,0.06533657549076616
ELAS_COMP:e_3_12,1.9390659060375857,0.1392078366830066,0.1501571158376092
ELAS_COMP:e_3_13,-0.510163737208322,0.18192381611687844,0.06879347973418998
ELAS_COMP:e_3_14,0.23447457040083386,0.1355395674382875,0.13506604830025218
ELAS_COMP:e_4_1,-0.2268348207165581,0.06252380051516875,0.06669993969829395
ELAS_COMP:e_4_2,-0.22174866551817618,0.6901224108683188,0.07340531413254711
ELAS_COMP:e_4_3,0.5530544015292445,0.53381598262783,0.08940360782399001
ELAS_COMP:e_4_4,-1.489935112455062,0.0737068941557993,0.12560773002955097
ELAS_COMP:e_4_5,-0.949083300860421,0.3570997293177428,0.14554255465055987
ELAS_COMP:e_4_6,-0.41937096259994444,0.3123757178451399,0.08200129712151731
ELAS_COMP:e_4_7,-0.3968087739492504,0.23817110209059525,0.06782966009646829
ELAS_COMP:e_4_8,-0.006084736642735525,0.19751336352615403,0.03880246962274205
ELAS_COMP:e_4_9,0.4385385562492191,0.16945045366007322,0.08631722730614208
ELAS_COMP:e_4_10,-0.0074981677357516124,0.6099191051985867,0.10833194543643673
ELAS_COMP:e_4_11,0.4562483662222503,0.15932269272329264,0.07311597769353982
ELAS_COMP:e_4_12,2.4162434326807793,1.0184853862595933,0.15419131568914513
ELAS_COMP:e_4_13,0.37703523075283746,0.04972774902959212,0.05303275989753437
ELAS_COMP:e_4_14,0.5650935015606073,0.29964089341843175,0.10219415415672028
ELAS_COMP:e_5_1,-0.17610395307615487,0.06766440948016841,0.07457717027818554
ELAS_COMP:e_5_2,2.016785902550812,0.9531883874733416,0.1011321763420268
ELAS_COMP:e_5_3,-0.005797241541353561,0.010905231387351468,0.10160793076734013
ELAS_COMP:e_5_4,0.41012800354206574,0.10626343212512639,0.09368740994319433
ELAS_COMP:e_5_5,-1.5649520871020381,0.8738092062641942,0.2702801818270269
ELAS_COMP:e_5_6,-0.002994515013798614,0.3738184474839065,0.07925740290577758
ELAS_COMP:e_5_7,1.2182899908522515,0.44884796770483293,0.09147844432679364
ELAS_COMP:e_5_8,-0.03521704211601387,0.32187982068488763,0.04596703503041588
ELAS_COMP:e_5_9,-0.5667412985767643,0.2254806647326821,0.10551394381781251
ELAS_COMP:e_5_10,0.1788814212183211,0.39075566589035443,0.14073858877081694
ELAS_COMP:e_5_11,-0.2784610078121628,0.1772605561893507,0.04368937608922064
ELAS_COMP:e_5_12,-0.29742989531554953,1.350499574424802,0.2017474995615175
ELAS_COMP:e_5_13,0.23540157097535644,0.2088659247962043,0.060709654986936916
ELAS_COMP:e_5_14,-1.259667369481096,0.8960119787620624,0.12434664019432985
ELAS_COMP:e_6_1,0.027359964889506178,0.9192827463621197,0.17514425232292116
ELAS_COMP:e_6_2,-1.1079320623283107,1.868373167911226,0.2416939203891915
ELAS_COMP:e_6_3,1.6230337985576435,0.8890244884634849,0.24954755481198787
ELAS_COMP:e_6_4,-1.5485968636305507,0.06150348699554559,0.27714156167138
ELAS_COMP:e_6_5,0.19914855867517764,1.249794276338197,0.35330660211354425
ELAS_COMP:e_6_6,-0.9580005420005006,0.9975386435411733,0.2550678907717818
ELAS_COMP:e_6_7,-1.044794471649936,1.8948395544406131,0.21650152386778754
ELAS_COMP:e_6_8,-0.14167080950228675,0.1425900465750208,0.11490287949157486
ELAS_COMP:e_6_9,-0.7154119619321682,1.5996239892878064,0.2461679339302868
ELAS_COMP:e_6_10,2.6680973316258556,2.3065705551402504,0.31567878115600334
ELAS_COMP:e_6_11,0.21547664227752042,0.22550850017756535,0.11842599708342824
ELAS_COMP:e_6_12,1.2861536792461252,3.357550949777673,0.32639412995290473
ELAS_COMP:e_6_13,-0.294146080966865,0.15636215968451458,0.14683936364765915
ELAS_COMP:e_6_14,-0.07108008362844698,1.3968040226580214,0.2954764049349107
ELAS_COMP:e_7_1,0.0736648505470646,0.40980988644822897,0.06919083259730341
ELAS_COMP:e_7_2,-0.8775851624610342,0.7495913788604818,0.095464089311103
ELAS_COMP:e_7_3,-0.4957862687295238,0.26300413871324585,0.0998100879209369
ELAS_COMP:e_7_4,-0.17190253322000962,0.10257206360186691,0.09775802261511567
ELAS_COMP:e_7_5,2.043136395992873,0.8587626432251576,0.17408166070101413
ELAS_COMP:e_7_6,-0.5255381374944841,0.6943072993720381,0.08460168317101485
ELAS_COMP:e_7_7,-2.1220888081614566,0.9236955807765662,0.12079801373368101
ELAS_COMP:e_7_8,0.3672024529670034,0.1272817171081268,0.04525219378206612
ELAS_COMP:e_7_9,-0.2215659069016227,0.12252943109279339,0.10049296179727454
ELAS_COMP:e_7_10,-0.5526592930847288,0.5120187006235991,0.13142283960796033
ELAS_COMP:e_7_11,0.08882699618462453,0.17061965578947713,0.05012956777706134
ELAS_COMP:e_7_12,1.132383539016453,1.0042370038085398,0.1488292728505868
ELAS_COMP:e_7_13,0.4604212832650451,0.1413556003211353,0.05687386539514862
ELAS_COMP:e_7_14,0.3060927317661432,0.7591084587089261,0.11758033406878898
ELAS_COMP:e_8_1,-0.08670382744718308,0.28014674978780957,0.09554417660771705
ELAS_COMP:e_8_2,0.7892004411797912,0.3691524296707665,0.12052290731330462
ELAS_COMP:e_8_3,0.6785952805633428,0.09481815479185426,0.13733252371311547
ELAS_COMP:e_8_4,0.12698840294651617,0.3832757610827945,0.12950437365584788
ELAS_COMP:e_8_5,-0.332289936430439,2.0196460705685375,0.19347705235439092
ELAS_COMP:e_8_6,0.13936098456557322,0.2616416528685102,0.10716145416838296
ELAS_COMP:e_8_7,0.8192512892436766,0.25441700438532866,0.10547459047701055
ELAS_COMP:e_8_8,-0.6814884848778685,0.10324208883667542,0.08385031137947345
ELAS_COMP:e_8_9,-0.07182939110641354,0.3755147125697978,0.1309770079556685
ELAS_COMP:e_8_10,-0.3468284409161714,0.31201184973180074,0.15608354448212763
ELAS_COMP:e_8_11,0.05603688683196217,0.19406563584358758,0.07430048028778125
ELAS_COMP:e_8_12,2.378805972200682,1.0441412076745478,0.20055409367933164
ELAS_COMP:e_8_13,0.5674694118235949,0.5608578251158771,0.08441777801593972
ELAS_COMP:e_8_14,-1.6571665941038298,0.42808148684061686,0.16165123570091813
ELAS_COMP:e_9_1,0.038100822926960876,0.11419497787963438,0.08161448363663563
ELAS_COMP:e_9_2,-0.7599419167638614,0.939161318414324,0.09521780929514771
ELAS_COMP:e_9_3,-0.29920630295636175,0.2429294801833693,0.11861204726011289
ELAS_COMP:e_9_4,0.0585875799101382,0.1388163659163664,0.10867958420068188
ELAS_COMP:e_9_5,0.07905517548477375,0.7044784741727974,0.17305169839329498
ELAS_COMP:e_9_6,-0.46167076899545845,0.4941159137052045,0.08688874883239413
ELAS_COMP:e_9_7,-0.16516223860140436,0.011577384148328823,0.08700316526906442
ELAS_COMP:e_9_8,0.3558162250136692,0.2769265877994642,0.04831083876075395
ELAS_COMP:e_9_9,-0.7545255395822232,0.28032596211563976,0.15465679350025513
ELAS_COMP:e_9_10,0.16173069002211587,0.7187960270482122,0.15948761878373796
ELAS_COMP:e_9_11,-0.08905295084952727,0.1773527241680163,0.06103052881592515
ELAS_COMP:e_9_12,1.0507227119182851,0.6342898177535564,0.15583748258559618
ELAS_COMP:e_9_13,-0.35879223086949236,0.007514193313819888,0.06798079786353234
ELAS_COMP:e_9_14,0.39440990912423185,0.5058353389606511,0.1336315104985595
ELAS_COMP:e_10_1,0.078891454931655,0.29667036356645043,0.07391549149797505
ELAS_COMP:e_10_2,-0.5945170047216657,0.3269873498096323,0.09422969730489004
ELAS_COMP:e_10_3,0.043055408046673765,0.5177138296644921,0.10439559483457328
ELAS_COMP:e_10_4,0.6160148888084693,0.3659689229290235,0.09935613721588862
ELAS_COMP:e_10_5,-0.14324431970412146,0.3516193497821006,0.17454724938927213
ELAS_COMP:e_10_6,0.7295623572459938,0.47237969287818876,0.08439006257189444
ELAS_COMP:e_10_7,-0.31758266991883766,0.2938128296605135,0.08968435047968151
ELAS_COMP:e_10_8,-0.1476907051730697,0.028482885147551876,0.046687369218969425
ELAS_COMP:e_10_9,0.37282851095268527,0.6100148788296156,0.12274326183908987
ELAS_COMP:e_10_10,-0.385340734315524,0.6319036636390531,0.19703051732542987
ELAS_COMP:e_10_11,0.08448350688526263,0.09282514704167605,0.04839869550290781
ELAS_COMP:e_10_12,-1.1017298344885686,0.7822967642708999,0.17474226221611164
ELAS_COMP:e_10_13,0.06261815071450356,0.24022136634982424,0.057323379653465394
ELAS_COMP:e_10_14,1.123472780918787,0.484412123299436,0.13120240249243503
ELAS_COMP:e_11_1,0.02395799584566019,0.5445330349470529,0.12777986622253168
ELAS_COMP:e_11_2,0.627534431601564,0.3351946144998334,0.11066917816786144
ELAS_COMP:e_11_3,0.4836280993744412,0.1957960651390206,0.15383044210140465
ELAS_COMP:e_11_4,1.0232900485642304,0.08545766829015541,0.24050494629008312
ELAS_COMP:e_11_5,-0.8956731568703128,0.6943873350698917,0.17730813933779951
ELAS_COMP:e_11_6,-0.22770580972568905,0.41975023301500713,0.10834750272310743
ELAS_COMP:e_11_7,0.020260330339661986,0.48398956345385796,0.1033453429172598
ELAS_COMP:e_11_8,0.09159970338439544,0.23736933165616222,0.06596169781765676
ELAS_COMP:e_11_9,-0.4607349901310847,0.4778949337430829,0.14652716444876884
ELAS_COMP:e_11_10,1.8026733164831719,0.8475910419818447,0.20703292112764984
ELAS_COMP:e_11_11,-2.3574914291450737,0.2831299305383006,0.22191331738371678
ELAS_COMP:e_11_12,-1.0077492207324794,1.076415559356966,0.17675553051062343
ELAS_COMP:e_11_13,-0.2837425599472347,0.3837024849139947,0.10497385219581469
ELAS_COMP:e_11_14,1.4135071841668199,0.47363958714832216,0.1655028511644049
ELAS_COMP:e_12_1,-0.07191425123645201,0.085621855975703,0.03252231286174161
ELAS_COMP:e_12_2,-0.45046095141769465,0.5025433833505304,0.042548230114123294
ELAS_COMP:e_12_3,0.4724311949380938,0.14961468973255804,0.04464165523538211
ELAS_COMP:e_12_4,0.09208416486012867,0.12829444041105084,0.042097109283260006
ELAS_COMP:e_12_5,-0.09604998665517739,0.7021197742148896,0.10095880721586689
ELAS_COMP:e_12_6,0.1273218278241326,0.37016460293386055,0.03567032873767148
ELAS_COMP:e_12_7,0.3326548712498667,0.29266066067783836,0.040303819680969286
ELAS_COMP:e_12_8,-0.031220291144071315,0.058727039766747396,0.01891460387973562
ELAS_COMP:e_12_9,0.35945693852347804,0.2009394128103789,0.04827729896072944
ELAS_COMP:e_12_10,-0.4686796750551352,0.302238971925174,0.06867530260817468
ELAS_COMP:e_12_11,-0.04707152358923411,0.09737485647006644,0.02031290177980887
ELAS_COMP:e_12_12,-0.19484435508951659,1.086154026589185,0.11269716665878925
ELAS_COMP:e_12_13,-0.32403706691325374,0.07961063441135932,0.02463600368727804
ELAS_COMP:e_12_14,0.258771863168361,0.08604361212007526,0.05858541528279663
ELAS_COMP:e_13_1,0.5381328707345815,0.06370281478060356,0.03913927832938768
ELAS_COMP:e_13_2,0.566703234971785,0.45562574517427734,0.04058325099265914
ELAS_COMP:e_13_3,-0.28576582844780474,0.09874189297027065,0.0476830493077401
ELAS_COMP:e_13_4,-0.4312234254221218,0.06555297162105124,0.050173040251511626
ELAS_COMP:e_13_5,0.07015343621090601,0.7345514535861652,0.07168321712984846
ELAS_COMP:e_13_6,-0.0678631038765581,0.01652038739848062,0.03703954991424601
ELAS_COMP:e_13_7,0.4779691494212887,0.3415596058427808,0.03787148114609352
ELAS_COMP:e_13_8,-0.12264504135249946,0.22380858495985878,0.024750852820751304
ELAS_COMP:e_13_9,0.39328047895221874,0.215557757214533,0.04848672657044006
ELAS_COMP:e_13_10,0.6157850260495433,0.16795640384868823,0.05711477784824126
ELAS_COMP:e_13_11,-0.03343041347801694,0.11301242475615379,0.029296368750170203
ELAS_COMP:e_13_12,-0.8771250779304212,0.30876052315254965,0.05888560573806966
ELAS_COMP:e_13_13,-0.6911254820755391,0.07737858148637912,0.045793974586756506
ELAS_COMP:e_13_14,0.45999720991623194,0.3527888876117541,0.05325342565508632
ELAS_COMP:e_14_1,-0.32605084094685033,0.0207575137143653,0.06810524920567822
ELAS_COMP:e_14_2,0.3455634254555013,0.524564201590935,0.09122245702605904
ELAS_COMP:e_14_3,-0.06797442365085637,0.049460315959031706,0.10516220703080571
ELAS_COMP:e_14_4,-0.1458559600330305,0.2502904076198969,0.09681288664346045
ELAS_COMP:e_14_5,-1.5533830815667675,0.9044776727090659,0.15643566914240553
ELAS_COMP:e_14_6,0.07403442689633988,0.36723933375806544,0.0814781095035381
ELAS_COMP:e_14_7,0.06769605239304127,0.3356984559960978,0.08130234409987129
ELAS_COMP:e_14_8,-0.1275492347147819,0.15729933614946426,0.04661235543457046
ELAS_COMP:e_14_9,0.5637896263450721,0.2976809897533733,0.10345788323625794
ELAS_COMP:e_14_10,1.0448172466332888,0.34586318307950037,0.13417715387256893
ELAS_COMP:e_14_11,0.23838964252644385,0.2447321465332057,0.04860311338323312
ELAS_COMP:e_14_12,0.38015529026076056,0.22627893764173376,0.1486280039249555
ELAS_COMP:e_14_13,-0.1653554161641924,0.3088564218720005,0.0553905555664203
ELAS_COMP:e_14_14,-1.1846828880939009,0.7544190761447626,0.17199227754629712
